record_id,unit_id,org_id,work_order_id,fba_shipment_id,sku,asin,fnsku,overall_status,workflow_state,polybag_check,warning_check,fnsku_check,barcode_check,expiry_check,handling_check,issue_explanation,latency_ms,cost_usd,is_calibrated,operator_id,captured_at
PRP-0001,UNIT-0001,org_demo_alpha,WO-3000,FBA-CUBE-100,SKU-CABLE-USBC,B0DUMMY261,X00CUBE0001,PASS,completed,PASS,PASS,PASS,PASS,PASS,PASS,All applicable visual preparation checks are supported by the available evidence.,3135.22,0.00015,True,op_amira,2026-09-20T08:17:00Z
PRP-0002,UNIT-0002,org_demo_bravo,WO-3000,FBA-CUBE-100,SKU-PUZZLE-500,B0DUMMY729,X00CUBE0002,PASS,completed,PASS,PASS,PASS,PASS,PASS,PASS,All applicable visual preparation checks are supported by the available evidence.,2982.43,0.00015,True,op_ben,2026-09-20T08:34:00Z
PRP-0003,UNIT-0003,org_demo_alpha,WO-3000,FBA-CUBE-100,SKU-MUG-11,B0DUMMY351,X00CUBE0003,FAIL,completed,PASS,PASS,FAIL,PASS,PASS,FAIL,FNSKU label overlaps a package seam. One or more required handling marks are missing.,3137.67,0.00015,True,op_chen,2026-09-20T08:51:00Z
PRP-0004,UNIT-0004,org_demo_bravo,WO-3000,FBA-CUBE-100,SKU-BOTTLE-750,B0DUMMY622,X00CUBE0004,UNCERTAIN,pending_review,PASS,PASS,UNCERTAIN,UNCERTAIN,PASS,UNCERTAIN,Imagery does not reliably establish FNSKU placement. Imagery does not reliably establish whether the original barcode is covered. Imagery does not reliably establish handling marks presence.,2725.65,0.00015,False,op_dana,2026-09-20T09:08:00Z
PRP-0005,UNIT-0005,org_demo_alpha,WO-3000,FBA-CUBE-100,SKU-LAMP-LED,B0DUMMY357,X00CUBE0005,FAIL,completed,PASS,PASS,PASS,PASS,PASS,FAIL,One or more required handling marks are missing.,3033.78,0.00015,True,op_eli,2026-09-20T09:25:00Z
PRP-0006,UNIT-0006,org_demo_bravo,WO-3001,FBA-CUBE-100,SKU-TOWEL-BLU,B0DUMMY600,X00CUBE0006,UNCERTAIN,pending_review,PASS,PASS,UNCERTAIN,UNCERTAIN,PASS,PASS,Imagery does not reliably establish FNSKU placement. Imagery does not reliably establish whether the original barcode is covered.,2806.53,0.00015,False,op_fatima,2026-09-20T09:42:00Z
PRP-0007,UNIT-0007,org_demo_alpha,WO-3001,FBA-CUBE-100,SKU-LEASH-6FT,B0DUMMY205,X00CUBE0007,FAIL,completed,FAIL,FAIL,FAIL,FAIL,PASS,PASS,Polybag is required but no polybag is visible. Suffocation warning is present but obscured by a fold. FNSKU label is placed across/too close to a package edge. Original manufacturer barcode remains visible.,2999.52,0.00015,True,op_amira,2026-09-20T09:59:00Z
PRP-0008,UNIT-0008,org_demo_bravo,WO-3001,FBA-CUBE-100,SKU-CANDLE-3,B0DUMMY964,X00CUBE0008,FAIL,completed,PASS,PASS,PASS,FAIL,PASS,PASS,Original manufacturer barcode remains visible.,3131.95,0.00015,True,op_ben,2026-09-20T10:16:00Z
PRP-0009,UNIT-0009,org_demo_alpha,WO-3001,FBA-CUBE-100,SKU-SERUM-30,B0DUMMY031,X00CUBE0009,FAIL,completed,FAIL,PASS,PASS,PASS,PASS,FAIL,Polybag is present but the closure/seal is not correctly closed. One or more required handling marks are missing.,3185.49,0.00015,True,op_chen,2026-09-20T10:33:00Z
PRP-0010,UNIT-0010,org_demo_bravo,WO-3001,FBA-CUBE-100,SKU-PROT-1KG,B0DUMMY357,X00CUBE0010,UNCERTAIN,pending_review,PASS,PASS,UNCERTAIN,UNCERTAIN,UNCERTAIN,UNCERTAIN,Imagery does not reliably establish FNSKU placement. Imagery does not reliably establish whether the original barcode is covered. Imagery does not reliably establish expiry date legibility. Imagery does not reliably establish handling marks presence.,2940.41,0.00015,False,op_dana,2026-09-20T10:50:00Z
PRP-0011,UNIT-0011,org_demo_alpha,WO-3002,FBA-CUBE-101,SKU-CABLE-USBC,B0DUMMY261,X00CUBE0011,FAIL,completed,FAIL,PASS,PASS,PASS,PASS,FAIL,Polybag is required but no polybag is visible. One or more required handling marks are missing.,3201.07,0.00015,True,op_eli,2026-09-20T11:07:00Z
PRP-0012,UNIT-0012,org_demo_bravo,WO-3002,FBA-CUBE-101,SKU-PUZZLE-500,B0DUMMY729,X00CUBE0012,UNCERTAIN,pending_review,UNCERTAIN,UNCERTAIN,UNCERTAIN,UNCERTAIN,PASS,PASS,Imagery does not reliably establish polybag presence or closure. Imagery does not reliably establish warning visibility or legibility. Imagery does not reliably establish FNSKU placement. Imagery does not reliably establish whether the original barcode is covered.,2810.07,0.00015,False,op_fatima,2026-09-20T11:24:00Z
PRP-0013,UNIT-0013,org_demo_alpha,WO-3002,FBA-CUBE-101,SKU-MUG-11,B0DUMMY351,X00CUBE0013,UNCERTAIN,pending_review,PASS,PASS,UNCERTAIN,UNCERTAIN,PASS,UNCERTAIN,Imagery does not reliably establish FNSKU placement. Imagery does not reliably establish whether the original barcode is covered. Imagery does not reliably establish handling marks presence.,2912.59,0.00015,False,op_amira,2026-09-20T11:41:00Z
PRP-0014,UNIT-0014,org_demo_bravo,WO-3002,FBA-CUBE-101,SKU-BOTTLE-750,B0DUMMY622,X00CUBE0014,PASS,completed,PASS,PASS,PASS,PASS,PASS,PASS,All applicable visual preparation checks are supported by the available evidence.,3032.44,0.00015,True,op_ben,2026-09-20T11:58:00Z
PRP-0015,UNIT-0015,org_demo_alpha,WO-3002,FBA-CUBE-101,SKU-LAMP-LED,B0DUMMY357,X00CUBE0015,FAIL,completed,PASS,PASS,PASS,PASS,PASS,FAIL,One or more required handling marks are missing.,3131.64,0.00015,True,op_chen,2026-09-20T12:15:00Z
PRP-0016,UNIT-0016,org_demo_bravo,WO-3003,FBA-CUBE-101,SKU-TOWEL-BLU,B0DUMMY600,X00CUBE0016,FAIL,completed,PASS,PASS,FAIL,FAIL,PASS,FAIL,FNSKU label is placed across/too close to a package edge. Original manufacturer barcode remains visible. One or more required handling marks are missing.,3181.14,0.00015,True,op_dana,2026-09-20T12:32:00Z
PRP-0017,UNIT-0017,org_demo_alpha,WO-3003,FBA-CUBE-101,SKU-LEASH-6FT,B0DUMMY205,X00CUBE0017,FAIL,completed,FAIL,PASS,PASS,PASS,PASS,FAIL,Polybag is required but no polybag is visible. One or more required handling marks are missing.,3196.76,0.00015,True,op_eli,2026-09-20T12:49:00Z
PRP-0018,UNIT-0018,org_demo_bravo,WO-3003,FBA-CUBE-101,SKU-CANDLE-3,B0DUMMY964,X00CUBE0018,FAIL,completed,FAIL,PASS,PASS,PASS,PASS,PASS,Polybag is required but no polybag is visible.,3263.15,0.00015,True,op_fatima,2026-09-20T13:06:00Z
PRP-0019,UNIT-0019,org_demo_alpha,WO-3003,FBA-CUBE-101,SKU-SERUM-30,B0DUMMY031,X00CUBE0019,FAIL,completed,PASS,PASS,PASS,PASS,PASS,FAIL,One or more required handling marks are missing.,3205.27,0.00015,True,op_amira,2026-09-20T13:23:00Z
PRP-0020,UNIT-0020,org_demo_bravo,WO-3003,FBA-CUBE-101,SKU-PROT-1KG,B0DUMMY357,X00CUBE0020,UNCERTAIN,pending_review,PASS,PASS,UNCERTAIN,UNCERTAIN,UNCERTAIN,UNCERTAIN,Imagery does not reliably establish FNSKU placement. Imagery does not reliably establish whether the original barcode is covered. Imagery does not reliably establish expiry date legibility. Imagery does not reliably establish handling marks presence.,3056.88,0.00015,False,op_ben,2026-09-20T13:40:00Z
PRP-0021,UNIT-0021,org_demo_alpha,WO-3004,FBA-CUBE-102,SKU-CABLE-USBC,B0DUMMY261,X00CUBE0021,FAIL,completed,PASS,PASS,FAIL,PASS,PASS,FAIL,FNSKU label is placed across/too close to a package edge. One or more required handling marks are missing.,3136.23,0.00015,True,op_chen,2026-09-20T13:57:00Z
PRP-0022,UNIT-0022,org_demo_bravo,WO-3004,FBA-CUBE-102,SKU-PUZZLE-500,B0DUMMY729,X00CUBE0022,FAIL,completed,FAIL,PASS,PASS,PASS,PASS,FAIL,Polybag is required but no polybag is visible. One or more required handling marks are missing.,3231.82,0.00015,True,op_dana,2026-09-20T14:14:00Z
PRP-0023,UNIT-0023,org_demo_alpha,WO-3004,FBA-CUBE-102,SKU-MUG-11,B0DUMMY351,X00CUBE0023,FAIL,completed,PASS,PASS,PASS,PASS,PASS,FAIL,One or more required handling marks are missing.,3138.71,0.00015,True,op_eli,2026-09-20T14:31:00Z
PRP-0024,UNIT-0024,org_demo_bravo,WO-3004,FBA-CUBE-102,SKU-BOTTLE-750,B0DUMMY622,X00CUBE0024,FAIL,completed,PASS,PASS,FAIL,PASS,PASS,PASS,FNSKU label is placed across/too close to a package edge.,3103.29,0.00015,True,op_fatima,2026-09-20T14:48:00Z
PRP-0025,UNIT-0025,org_demo_alpha,WO-3004,FBA-CUBE-102,SKU-LAMP-LED,B0DUMMY357,X00CUBE0025,PASS,completed,PASS,PASS,PASS,PASS,PASS,PASS,All applicable visual preparation checks are supported by the available evidence.,3232.04,0.00015,True,op_amira,2026-09-20T15:05:00Z
PRP-0026,UNIT-0026,org_demo_bravo,WO-3005,FBA-CUBE-102,SKU-TOWEL-BLU,B0DUMMY600,X00CUBE0026,FAIL,completed,PASS,PASS,PASS,PASS,PASS,FAIL,One or more required handling marks are missing.,3026.21,0.00015,True,op_ben,2026-09-20T15:22:00Z
PRP-0027,UNIT-0027,org_demo_alpha,WO-3005,FBA-CUBE-102,SKU-LEASH-6FT,B0DUMMY205,X00CUBE0027,FAIL,completed,FAIL,PASS,PASS,FAIL,PASS,FAIL,Polybag is required but no polybag is visible. Original manufacturer barcode remains visible. One or more required handling marks are missing.,3175.1,0.00015,True,op_chen,2026-09-20T15:39:00Z
PRP-0028,UNIT-0028,org_demo_bravo,WO-3005,FBA-CUBE-102,SKU-CANDLE-3,B0DUMMY964,X00CUBE0028,FAIL,completed,PASS,PASS,FAIL,PASS,PASS,FAIL,FNSKU label is placed across/too close to a package edge. One or more required handling marks are missing.,3107.75,0.00015,True,op_dana,2026-09-20T15:56:00Z
PRP-0029,UNIT-0029,org_demo_alpha,WO-3005,FBA-CUBE-102,SKU-SERUM-30,B0DUMMY031,X00CUBE0029,FAIL,completed,PASS,FAIL,PASS,PASS,PASS,FAIL,Suffocation warning is present but obscured by a fold. One or more required handling marks are missing.,3194.87,0.00015,True,op_eli,2026-09-20T16:13:00Z
PRP-0030,UNIT-0030,org_demo_bravo,WO-3005,FBA-CUBE-102,SKU-PROT-1KG,B0DUMMY357,X00CUBE0030,FAIL,completed,PASS,PASS,PASS,PASS,FAIL,FAIL,Expiry information is not legible after wrapping. One or more required handling marks are missing.,3175.34,0.00015,True,op_fatima,2026-09-20T16:30:00Z
PRP-0031,UNIT-0031,org_demo_alpha,WO-3006,FBA-CUBE-103,SKU-CABLE-USBC,B0DUMMY261,X00CUBE0031,PASS,completed,PASS,PASS,PASS,PASS,PASS,PASS,All applicable visual preparation checks are supported by the available evidence.,3051.42,0.00015,True,op_amira,2026-09-20T16:47:00Z
PRP-0032,UNIT-0032,org_demo_bravo,WO-3006,FBA-CUBE-103,SKU-PUZZLE-500,B0DUMMY729,X00CUBE0032,FAIL,completed,FAIL,PASS,PASS,PASS,PASS,PASS,Polybag is required but no polybag is visible.,3079.39,0.00015,True,op_ben,2026-09-20T17:04:00Z
PRP-0033,UNIT-0033,org_demo_alpha,WO-3006,FBA-CUBE-103,SKU-MUG-11,B0DUMMY351,X00CUBE0033,UNCERTAIN,pending_review,PASS,PASS,UNCERTAIN,UNCERTAIN,PASS,UNCERTAIN,Imagery does not reliably establish FNSKU placement. Imagery does not reliably establish whether the original barcode is covered. Imagery does not reliably establish handling marks presence.,2805.67,0.00015,False,op_chen,2026-09-20T17:21:00Z
PRP-0034,UNIT-0034,org_demo_bravo,WO-3006,FBA-CUBE-103,SKU-BOTTLE-750,B0DUMMY622,X00CUBE0034,FAIL,completed,PASS,PASS,FAIL,PASS,PASS,FAIL,FNSKU label overlaps a package seam. One or more required handling marks are missing.,3172.14,0.00015,True,op_dana,2026-09-20T17:38:00Z
PRP-0035,UNIT-0035,org_demo_alpha,WO-3006,FBA-CUBE-103,SKU-LAMP-LED,B0DUMMY357,X00CUBE0035,FAIL,completed,PASS,PASS,PASS,PASS,PASS,FAIL,One or more required handling marks are missing.,3142.87,0.00015,True,op_eli,2026-09-20T17:55:00Z
PRP-0036,UNIT-0036,org_demo_bravo,WO-3007,FBA-CUBE-103,SKU-TOWEL-BLU,B0DUMMY600,X00CUBE0036,FAIL,completed,PASS,PASS,FAIL,FAIL,PASS,PASS,FNSKU label is placed across/too close to a package edge. Original manufacturer barcode remains visible.,3038.9,0.00015,True,op_fatima,2026-09-20T18:12:00Z
PRP-0037,UNIT-0037,org_demo_alpha,WO-3007,FBA-CUBE-103,SKU-LEASH-6FT,B0DUMMY205,X00CUBE0037,FAIL,completed,FAIL,FAIL,PASS,PASS,PASS,PASS,Polybag is required but no polybag is visible. Suffocation warning is present but obscured by a fold.,3132.79,0.00015,True,op_amira,2026-09-20T18:29:00Z
PRP-0038,UNIT-0038,org_demo_bravo,WO-3007,FBA-CUBE-103,SKU-CANDLE-3,B0DUMMY964,X00CUBE0038,PASS,completed,PASS,PASS,PASS,PASS,PASS,PASS,All applicable visual preparation checks are supported by the available evidence.,3119.29,0.00015,True,op_ben,2026-09-20T18:46:00Z
PRP-0039,UNIT-0039,org_demo_alpha,WO-3007,FBA-CUBE-103,SKU-SERUM-30,B0DUMMY031,X00CUBE0039,FAIL,completed,PASS,PASS,PASS,PASS,FAIL,FAIL,Expiry information is not legible after wrapping. One or more required handling marks are missing.,3364.62,0.00015,True,op_chen,2026-09-20T19:03:00Z
PRP-0040,UNIT-0040,org_demo_bravo,WO-3007,FBA-CUBE-103,SKU-PROT-1KG,B0DUMMY357,X00CUBE0040,FAIL,completed,PASS,PASS,PASS,FAIL,PASS,FAIL,Original manufacturer barcode remains visible. One or more required handling marks are missing.,3257.24,0.00015,True,op_dana,2026-09-20T19:20:00Z
PRP-0041,UNIT-0041,org_demo_alpha,WO-3008,FBA-CUBE-104,SKU-CABLE-USBC,B0DUMMY261,X00CUBE0041,FAIL,completed,PASS,PASS,FAIL,PASS,PASS,FAIL,FNSKU label is missing from prepped unit. One or more required handling marks are missing.,2941.68,0.00015,True,op_eli,2026-09-20T19:37:00Z
PRP-0042,UNIT-0042,org_demo_bravo,WO-3008,FBA-CUBE-104,SKU-PUZZLE-500,B0DUMMY729,X00CUBE0042,FAIL,completed,FAIL,PASS,PASS,PASS,PASS,PASS,Polybag is required but no polybag is visible.,3139.8,0.00015,True,op_fatima,2026-09-20T19:54:00Z
PRP-0043,UNIT-0043,org_demo_alpha,WO-3008,FBA-CUBE-104,SKU-MUG-11,B0DUMMY351,X00CUBE0043,PASS,completed,PASS,PASS,PASS,PASS,PASS,PASS,All applicable visual preparation checks are supported by the available evidence.,3145.68,0.00015,True,op_amira,2026-09-20T20:11:00Z
PRP-0044,UNIT-0044,org_demo_bravo,WO-3008,FBA-CUBE-104,SKU-BOTTLE-750,B0DUMMY622,X00CUBE0044,UNCERTAIN,pending_review,UNCERTAIN,UNCERTAIN,UNCERTAIN,UNCERTAIN,PASS,UNCERTAIN,Imagery does not reliably establish polybag presence or closure. Imagery does not reliably establish warning visibility or legibility. Imagery does not reliably establish FNSKU placement. Imagery does not reliably establish whether the original barcode is covered. Imagery does not reliably establish handling marks presence.,2975.27,0.00015,False,op_ben,2026-09-20T20:28:00Z
PRP-0045,UNIT-0045,org_demo_alpha,WO-3008,FBA-CUBE-104,SKU-LAMP-LED,B0DUMMY357,X00CUBE0045,FAIL,completed,PASS,PASS,FAIL,PASS,PASS,FAIL,FNSKU label overlaps a package seam. One or more required handling marks are missing.,3166.97,0.00015,True,op_chen,2026-09-20T20:45:00Z
PRP-0046,UNIT-0046,org_demo_bravo,WO-3009,FBA-CUBE-104,SKU-TOWEL-BLU,B0DUMMY600,X00CUBE0046,FAIL,completed,PASS,PASS,FAIL,FAIL,PASS,FAIL,FNSKU label is placed across/too close to a package edge. Original manufacturer barcode remains visible. One or more required handling marks are missing.,3170.56,0.00015,True,op_dana,2026-09-20T21:02:00Z
PRP-0047,UNIT-0047,org_demo_alpha,WO-3009,FBA-CUBE-104,SKU-LEASH-6FT,B0DUMMY205,X00CUBE0047,UNCERTAIN,pending_review,UNCERTAIN,UNCERTAIN,UNCERTAIN,UNCERTAIN,PASS,UNCERTAIN,Imagery does not reliably establish polybag presence or closure. Imagery does not reliably establish warning visibility or legibility. Imagery does not reliably establish FNSKU placement. Imagery does not reliably establish whether the original barcode is covered. Imagery does not reliably establish handling marks presence.,3041.31,0.00015,False,op_eli,2026-09-20T21:19:00Z
PRP-0048,UNIT-0048,org_demo_bravo,WO-3009,FBA-CUBE-104,SKU-CANDLE-3,B0DUMMY964,X00CUBE0048,PASS,completed,PASS,PASS,PASS,PASS,PASS,PASS,All applicable visual preparation checks are supported by the available evidence.,3080.61,0.00015,True,op_fatima,2026-09-20T21:36:00Z
PRP-0049,UNIT-0049,org_demo_alpha,WO-3009,FBA-CUBE-104,SKU-SERUM-30,B0DUMMY031,X00CUBE0049,FAIL,completed,PASS,PASS,FAIL,PASS,PASS,FAIL,FNSKU label is missing from prepped unit. One or more required handling marks are missing.,3017.01,0.00015,True,op_amira,2026-09-20T21:53:00Z
PRP-0050,UNIT-0050,org_demo_bravo,WO-3009,FBA-CUBE-104,SKU-PROT-1KG,B0DUMMY357,X00CUBE0050,FAIL,completed,PASS,PASS,FAIL,PASS,PASS,FAIL,FNSKU label is placed across/too close to a package edge. One or more required handling marks are missing.,3223.8,0.00015,True,op_ben,2026-09-20T22:10:00Z
PRP-0051,UNIT-0051,org_demo_alpha,WO-3010,FBA-CUBE-105,SKU-CABLE-USBC,B0DUMMY261,X00CUBE0051,UNCERTAIN,pending_review,UNCERTAIN,UNCERTAIN,UNCERTAIN,UNCERTAIN,PASS,UNCERTAIN,Imagery does not reliably establish polybag presence or closure. Imagery does not reliably establish warning visibility or legibility. Imagery does not reliably establish FNSKU placement. Imagery does not reliably establish whether the original barcode is covered. Imagery does not reliably establish handling marks presence.,2954.79,0.00015,False,op_chen,2026-09-20T22:27:00Z
PRP-0052,UNIT-0052,org_demo_bravo,WO-3010,FBA-CUBE-105,SKU-PUZZLE-500,B0DUMMY729,X00CUBE0052,FAIL,completed,FAIL,PASS,PASS,PASS,PASS,FAIL,Polybag is required but no polybag is visible. One or more required handling marks are missing.,3113.35,0.00015,True,op_dana,2026-09-20T22:44:00Z
PRP-0053,UNIT-0053,org_demo_alpha,WO-3010,FBA-CUBE-105,SKU-MUG-11,B0DUMMY351,X00CUBE0053,FAIL,completed,PASS,PASS,PASS,PASS,PASS,FAIL,One or more required handling marks are missing.,3092.15,0.00015,True,op_eli,2026-09-20T23:01:00Z
PRP-0054,UNIT-0054,org_demo_bravo,WO-3010,FBA-CUBE-105,SKU-BOTTLE-750,B0DUMMY622,X00CUBE0054,PASS,completed,PASS,PASS,PASS,PASS,PASS,PASS,All applicable visual preparation checks are supported by the available evidence.,3046.53,0.00015,True,op_fatima,2026-09-20T23:18:00Z
PRP-0055,UNIT-0055,org_demo_alpha,WO-3010,FBA-CUBE-105,SKU-LAMP-LED,B0DUMMY357,X00CUBE0055,FAIL,completed,PASS,PASS,FAIL,FAIL,PASS,PASS,FNSKU label is placed across/too close to a package edge. Original manufacturer barcode remains visible.,3173.12,0.00015,True,op_amira,2026-09-20T23:35:00Z
PRP-0056,UNIT-0056,org_demo_bravo,WO-3011,FBA-CUBE-105,SKU-TOWEL-BLU,B0DUMMY600,X00CUBE0056,PASS,completed,PASS,PASS,PASS,PASS,PASS,PASS,All applicable visual preparation checks are supported by the available evidence.,3086.37,0.00015,True,op_ben,2026-09-20T23:52:00Z
PRP-0057,UNIT-0057,org_demo_alpha,WO-3011,FBA-CUBE-105,SKU-LEASH-6FT,B0DUMMY205,X00CUBE0057,UNCERTAIN,pending_review,UNCERTAIN,UNCERTAIN,UNCERTAIN,UNCERTAIN,PASS,UNCERTAIN,Imagery does not reliably establish polybag presence or closure. Imagery does not reliably establish warning visibility or legibility. Imagery does not reliably establish FNSKU placement. Imagery does not reliably establish whether the original barcode is covered. Imagery does not reliably establish handling marks presence.,3099.02,0.00015,False,op_chen,2026-09-21T00:09:00Z
PRP-0058,UNIT-0058,org_demo_bravo,WO-3011,FBA-CUBE-105,SKU-CANDLE-3,B0DUMMY964,X00CUBE0058,FAIL,completed,FAIL,PASS,PASS,PASS,PASS,FAIL,Polybag is required but no polybag is visible. One or more required handling marks are missing.,3545.58,0.00015,True,op_dana,2026-09-21T00:26:00Z
PRP-0059,UNIT-0059,org_demo_alpha,WO-3011,FBA-CUBE-105,SKU-SERUM-30,B0DUMMY031,X00CUBE0059,FAIL,completed,PASS,PASS,PASS,PASS,FAIL,FAIL,Expiry information is not legible after wrapping. One or more required handling marks are missing.,3406.19,0.00015,True,op_eli,2026-09-21T00:43:00Z
PRP-0060,UNIT-0060,org_demo_bravo,WO-3011,FBA-CUBE-105,SKU-PROT-1KG,B0DUMMY357,X00CUBE0060,FAIL,completed,PASS,PASS,PASS,FAIL,PASS,FAIL,Original manufacturer barcode remains visible. One or more required handling marks are missing.,3235.86,0.00015,True,op_fatima,2026-09-21T01:00:00Z
PRP-0061,UNIT-0061,org_demo_alpha,WO-3012,FBA-CUBE-106,SKU-CABLE-USBC,B0DUMMY261,X00CUBE0061,FAIL,completed,PASS,PASS,FAIL,PASS,PASS,PASS,FNSKU label is placed across/too close to a package edge.,3180.41,0.00015,True,op_amira,2026-09-21T01:17:00Z
PRP-0062,UNIT-0062,org_demo_bravo,WO-3012,FBA-CUBE-106,SKU-PUZZLE-500,B0DUMMY729,X00CUBE0062,FAIL,completed,FAIL,PASS,FAIL,PASS,PASS,PASS,Polybag is required but no polybag is visible. FNSKU label overlaps a package seam.,3146.51,0.00015,True,op_ben,2026-09-21T01:34:00Z
PRP-0063,UNIT-0063,org_demo_alpha,WO-3012,FBA-CUBE-106,SKU-MUG-11,B0DUMMY351,X00CUBE0063,FAIL,completed,PASS,PASS,PASS,PASS,PASS,FAIL,One or more required handling marks are missing.,3086.65,0.00015,True,op_chen,2026-09-21T01:51:00Z
PRP-0064,UNIT-0064,org_demo_bravo,WO-3012,FBA-CUBE-106,SKU-BOTTLE-750,B0DUMMY622,X00CUBE0064,FAIL,completed,PASS,PASS,FAIL,PASS,PASS,FAIL,FNSKU label overlaps a package seam. One or more required handling marks are missing.,3198.86,0.00015,True,op_dana,2026-09-21T02:08:00Z
PRP-0065,UNIT-0065,org_demo_alpha,WO-3012,FBA-CUBE-106,SKU-LAMP-LED,B0DUMMY357,X00CUBE0065,FAIL,completed,PASS,PASS,FAIL,FAIL,PASS,FAIL,FNSKU label is placed across/too close to a package edge. Original manufacturer barcode remains visible. One or more required handling marks are missing.,3211.63,0.00015,True,op_eli,2026-09-21T02:25:00Z
PRP-0066,UNIT-0066,org_demo_bravo,WO-3013,FBA-CUBE-106,SKU-TOWEL-BLU,B0DUMMY600,X00CUBE0066,UNCERTAIN,pending_review,PASS,PASS,UNCERTAIN,UNCERTAIN,PASS,PASS,Imagery does not reliably establish FNSKU placement. Imagery does not reliably establish whether the original barcode is covered.,2939.41,0.00015,False,op_fatima,2026-09-21T02:42:00Z
PRP-0067,UNIT-0067,org_demo_alpha,WO-3013,FBA-CUBE-106,SKU-LEASH-6FT,B0DUMMY205,X00CUBE0067,FAIL,completed,FAIL,PASS,FAIL,PASS,PASS,PASS,Polybag is required but no polybag is visible. FNSKU label is missing from prepped unit.,3004.88,0.00015,True,op_amira,2026-09-21T02:59:00Z
PRP-0068,UNIT-0068,org_demo_bravo,WO-3013,FBA-CUBE-106,SKU-CANDLE-3,B0DUMMY964,X00CUBE0068,FAIL,completed,PASS,PASS,PASS,FAIL,PASS,PASS,Original manufacturer barcode remains visible.,3212.55,0.00015,True,op_ben,2026-09-21T03:16:00Z
PRP-0069,UNIT-0069,org_demo_alpha,WO-3013,FBA-CUBE-106,SKU-SERUM-30,B0DUMMY031,X00CUBE0069,FAIL,completed,PASS,FAIL,PASS,PASS,PASS,FAIL,Suffocation warning is required but missing from polybag. One or more required handling marks are missing.,3097.3,0.00015,True,op_chen,2026-09-21T03:33:00Z
PRP-0070,UNIT-0070,org_demo_bravo,WO-3013,FBA-CUBE-106,SKU-PROT-1KG,B0DUMMY357,X00CUBE0070,FAIL,completed,PASS,PASS,PASS,PASS,PASS,FAIL,One or more required handling marks are missing.,3197.54,0.00015,True,op_dana,2026-09-21T03:50:00Z
PRP-0071,UNIT-0071,org_demo_alpha,WO-3014,FBA-CUBE-107,SKU-CABLE-USBC,B0DUMMY261,X00CUBE0071,FAIL,completed,FAIL,PASS,PASS,PASS,PASS,FAIL,Polybag is required but no polybag is visible. One or more required handling marks are missing.,3087.54,0.00015,True,op_eli,2026-09-21T04:07:00Z
PRP-0072,UNIT-0072,org_demo_bravo,WO-3014,FBA-CUBE-107,SKU-PUZZLE-500,B0DUMMY729,X00CUBE0072,FAIL,completed,FAIL,PASS,PASS,PASS,PASS,PASS,Polybag is required but no polybag is visible.,3003.51,0.00015,True,op_fatima,2026-09-21T04:24:00Z
PRP-0073,UNIT-0073,org_demo_alpha,WO-3014,FBA-CUBE-107,SKU-MUG-11,B0DUMMY351,X00CUBE0073,FAIL,completed,PASS,PASS,FAIL,PASS,PASS,PASS,FNSKU label overlaps a package seam.,3128.21,0.00015,True,op_amira,2026-09-21T04:41:00Z
PRP-0074,UNIT-0074,org_demo_bravo,WO-3014,FBA-CUBE-107,SKU-BOTTLE-750,B0DUMMY622,X00CUBE0074,FAIL,completed,FAIL,PASS,PASS,PASS,PASS,PASS,Polybag is required but no polybag is visible.,3216.68,0.00015,True,op_ben,2026-09-21T04:58:00Z
PRP-0075,UNIT-0075,org_demo_alpha,WO-3014,FBA-CUBE-107,SKU-LAMP-LED,B0DUMMY357,X00CUBE0075,UNCERTAIN,pending_review,PASS,PASS,UNCERTAIN,UNCERTAIN,PASS,UNCERTAIN,Imagery does not reliably establish FNSKU placement. Imagery does not reliably establish whether the original barcode is covered. Imagery does not reliably establish handling marks presence.,2967.45,0.00015,False,op_chen,2026-09-21T05:15:00Z
PRP-0076,UNIT-0076,org_demo_bravo,WO-3015,FBA-CUBE-107,SKU-TOWEL-BLU,B0DUMMY600,X00CUBE0076,FAIL,completed,PASS,PASS,PASS,PASS,PASS,FAIL,One or more required handling marks are missing.,3068.04,0.00015,True,op_dana,2026-09-21T05:32:00Z
PRP-0077,UNIT-0077,org_demo_alpha,WO-3015,FBA-CUBE-107,SKU-LEASH-6FT,B0DUMMY205,X00CUBE0077,FAIL,completed,FAIL,FAIL,PASS,PASS,PASS,FAIL,Polybag is required but no polybag is visible. Suffocation warning is required but missing from polybag. One or more required handling marks are missing.,3048.85,0.00015,True,op_eli,2026-09-21T05:49:00Z
PRP-0078,UNIT-0078,org_demo_bravo,WO-3015,FBA-CUBE-107,SKU-CANDLE-3,B0DUMMY964,X00CUBE0078,PASS,completed,PASS,PASS,PASS,PASS,PASS,PASS,All applicable visual preparation checks are supported by the available evidence.,3050.6,0.00015,True,op_fatima,2026-09-21T06:06:00Z
PRP-0079,UNIT-0079,org_demo_alpha,WO-3015,FBA-CUBE-107,SKU-SERUM-30,B0DUMMY031,X00CUBE0079,UNCERTAIN,pending_review,UNCERTAIN,UNCERTAIN,UNCERTAIN,UNCERTAIN,UNCERTAIN,UNCERTAIN,Imagery does not reliably establish polybag presence or closure. Imagery does not reliably establish warning visibility or legibility. Imagery does not reliably establish FNSKU placement. Imagery does not reliably establish whether the original barcode is covered. Imagery does not reliably establish expiry date legibility. Imagery does not reliably establish handling marks presence.,3040.75,0.00015,False,op_amira,2026-09-21T06:23:00Z
PRP-0080,UNIT-0080,org_demo_bravo,WO-3015,FBA-CUBE-107,SKU-PROT-1KG,B0DUMMY357,X00CUBE0080,FAIL,completed,PASS,PASS,FAIL,PASS,PASS,FAIL,FNSKU label overlaps a package seam. One or more required handling marks are missing.,3238.64,0.00015,True,op_ben,2026-09-21T06:40:00Z
PRP-0081,UNIT-0081,org_demo_alpha,WO-3016,FBA-CUBE-108,SKU-CABLE-USBC,B0DUMMY261,X00CUBE0081,FAIL,completed,FAIL,PASS,PASS,PASS,PASS,FAIL,Polybag is present but the closure/seal is not correctly closed. One or more required handling marks are missing.,3078.98,0.00015,True,op_chen,2026-09-21T06:57:00Z
PRP-0082,UNIT-0082,org_demo_bravo,WO-3016,FBA-CUBE-108,SKU-PUZZLE-500,B0DUMMY729,X00CUBE0082,FAIL,completed,FAIL,PASS,FAIL,PASS,PASS,FAIL,Polybag is required but no polybag is visible. FNSKU label overlaps a package seam. One or more required handling marks are missing.,3166.32,0.00015,True,op_dana,2026-09-21T07:14:00Z
PRP-0083,UNIT-0083,org_demo_alpha,WO-3016,FBA-CUBE-108,SKU-MUG-11,B0DUMMY351,X00CUBE0083,FAIL,completed,PASS,PASS,FAIL,PASS,PASS,FAIL,FNSKU label is missing from prepped unit. One or more required handling marks are missing.,2933.24,0.00015,True,op_eli,2026-09-21T07:31:00Z
PRP-0084,UNIT-0084,org_demo_bravo,WO-3016,FBA-CUBE-108,SKU-BOTTLE-750,B0DUMMY622,X00CUBE0084,FAIL,completed,FAIL,PASS,PASS,PASS,PASS,PASS,Polybag is required but no polybag is visible.,3187.39,0.00015,True,op_fatima,2026-09-21T07:48:00Z
PRP-0085,UNIT-0085,org_demo_alpha,WO-3016,FBA-CUBE-108,SKU-LAMP-LED,B0DUMMY357,X00CUBE0085,PASS,completed,PASS,PASS,PASS,PASS,PASS,PASS,All applicable visual preparation checks are supported by the available evidence.,3229.6,0.00015,True,op_amira,2026-09-21T08:05:00Z
PRP-0086,UNIT-0086,org_demo_bravo,WO-3017,FBA-CUBE-108,SKU-TOWEL-BLU,B0DUMMY600,X00CUBE0086,PASS,completed,PASS,PASS,PASS,PASS,PASS,PASS,All applicable visual preparation checks are supported by the available evidence.,3125.12,0.00015,True,op_ben,2026-09-21T08:22:00Z
PRP-0087,UNIT-0087,org_demo_alpha,WO-3017,FBA-CUBE-108,SKU-LEASH-6FT,B0DUMMY205,X00CUBE0087,UNCERTAIN,pending_review,UNCERTAIN,UNCERTAIN,UNCERTAIN,UNCERTAIN,PASS,UNCERTAIN,Imagery does not reliably establish polybag presence or closure. Imagery does not reliably establish warning visibility or legibility. Imagery does not reliably establish FNSKU placement. Imagery does not reliably establish whether the original barcode is covered. Imagery does not reliably establish handling marks presence.,2960.58,0.00015,False,op_chen,2026-09-21T08:39:00Z
PRP-0088,UNIT-0088,org_demo_bravo,WO-3017,FBA-CUBE-108,SKU-CANDLE-3,B0DUMMY964,X00CUBE0088,FAIL,completed,PASS,PASS,PASS,PASS,PASS,FAIL,One or more required handling marks are missing.,3105.56,0.00015,True,op_dana,2026-09-21T08:56:00Z
PRP-0089,UNIT-0089,org_demo_alpha,WO-3017,FBA-CUBE-108,SKU-SERUM-30,B0DUMMY031,X00CUBE0089,FAIL,completed,FAIL,PASS,PASS,PASS,PASS,FAIL,Polybag is required but no polybag is visible. One or more required handling marks are missing.,3288.36,0.00015,True,op_eli,2026-09-21T09:13:00Z
PRP-0090,UNIT-0090,org_demo_bravo,WO-3017,FBA-CUBE-108,SKU-PROT-1KG,B0DUMMY357,X00CUBE0090,FAIL,completed,PASS,PASS,PASS,PASS,PASS,FAIL,One or more required handling marks are missing.,3202.75,0.00015,True,op_fatima,2026-09-21T09:30:00Z
PRP-0091,UNIT-0091,org_demo_alpha,WO-3018,FBA-CUBE-109,SKU-CABLE-USBC,B0DUMMY261,X00CUBE0091,FAIL,completed,PASS,PASS,PASS,PASS,PASS,FAIL,One or more required handling marks are missing.,3098.62,0.00015,True,op_amira,2026-09-21T09:47:00Z
PRP-0092,UNIT-0092,org_demo_bravo,WO-3018,FBA-CUBE-109,SKU-PUZZLE-500,B0DUMMY729,X00CUBE0092,FAIL,completed,FAIL,PASS,PASS,PASS,PASS,PASS,Polybag is required but no polybag is visible.,3172.97,0.00015,True,op_ben,2026-09-21T10:04:00Z
PRP-0093,UNIT-0093,org_demo_alpha,WO-3018,FBA-CUBE-109,SKU-MUG-11,B0DUMMY351,X00CUBE0093,FAIL,completed,PASS,PASS,FAIL,PASS,PASS,FAIL,FNSKU label overlaps a package seam. One or more required handling marks are missing.,3003.11,0.00015,True,op_chen,2026-09-21T10:21:00Z
PRP-0094,UNIT-0094,org_demo_bravo,WO-3018,FBA-CUBE-109,SKU-BOTTLE-750,B0DUMMY622,X00CUBE0094,UNCERTAIN,pending_review,UNCERTAIN,UNCERTAIN,UNCERTAIN,UNCERTAIN,PASS,UNCERTAIN,Imagery does not reliably establish polybag presence or closure. Imagery does not reliably establish warning visibility or legibility. Imagery does not reliably establish FNSKU placement. Imagery does not reliably establish whether the original barcode is covered. Imagery does not reliably establish handling marks presence.,3066.75,0.00015,False,op_dana,2026-09-21T10:38:00Z
PRP-0095,UNIT-0095,org_demo_alpha,WO-3018,FBA-CUBE-109,SKU-LAMP-LED,B0DUMMY357,X00CUBE0095,UNCERTAIN,pending_review,PASS,PASS,UNCERTAIN,UNCERTAIN,PASS,UNCERTAIN,Imagery does not reliably establish FNSKU placement. Imagery does not reliably establish whether the original barcode is covered. Imagery does not reliably establish handling marks presence.,2942.23,0.00015,False,op_eli,2026-09-21T10:55:00Z
PRP-0096,UNIT-0096,org_demo_bravo,WO-3019,FBA-CUBE-109,SKU-TOWEL-BLU,B0DUMMY600,X00CUBE0096,PASS,completed,PASS,PASS,PASS,PASS,PASS,PASS,All applicable visual preparation checks are supported by the available evidence.,3133.98,0.00015,True,op_fatima,2026-09-21T11:12:00Z
PRP-0097,UNIT-0097,org_demo_alpha,WO-3019,FBA-CUBE-109,SKU-LEASH-6FT,B0DUMMY205,X00CUBE0097,FAIL,completed,FAIL,PASS,PASS,PASS,PASS,PASS,Polybag is required but no polybag is visible.,3129.35,0.00015,True,op_amira,2026-09-21T11:29:00Z
PRP-0098,UNIT-0098,org_demo_bravo,WO-3019,FBA-CUBE-109,SKU-CANDLE-3,B0DUMMY964,X00CUBE0098,FAIL,completed,PASS,PASS,FAIL,PASS,PASS,PASS,FNSKU label overlaps a package seam.,3094.27,0.00015,True,op_ben,2026-09-21T11:46:00Z
PRP-0099,UNIT-0099,org_demo_alpha,WO-3019,FBA-CUBE-109,SKU-SERUM-30,B0DUMMY031,X00CUBE0099,FAIL,completed,PASS,PASS,FAIL,PASS,PASS,PASS,FNSKU label overlaps a package seam.,3275.61,0.00015,True,op_chen,2026-09-21T12:03:00Z
PRP-0100,UNIT-0100,org_demo_bravo,WO-3019,FBA-CUBE-109,SKU-PROT-1KG,B0DUMMY357,X00CUBE0100,FAIL,completed,PASS,PASS,PASS,PASS,PASS,FAIL,One or more required handling marks are missing.,3224.56,0.00015,True,op_dana,2026-09-21T12:20:00Z
