image,grid,row,row_label,column,column_label,category,source,source_bbox_xyxy
packaging_dataset/compliance_scenarios/ideal_case/r01_c01.jpg,compliance_scenarios,1,ideal_case,1,polybag_presence_seal,compliance_scenarios/ideal_case,Packaging Compliance Infographic Grid.png,"148,51,273,144"
packaging_dataset/compliance_scenarios/ideal_case/r01_c02.jpg,compliance_scenarios,1,ideal_case,2,suffocation_warning,compliance_scenarios/ideal_case,Packaging Compliance Infographic Grid.png,"277,51,403,144"
packaging_dataset/compliance_scenarios/ideal_case/r01_c03.jpg,compliance_scenarios,1,ideal_case,3,fnsku_placement,compliance_scenarios/ideal_case,Packaging Compliance Infographic Grid.png,"407,51,532,144"
packaging_dataset/compliance_scenarios/ideal_case/r01_c04.jpg,compliance_scenarios,1,ideal_case,4,original_barcode_coverage,compliance_scenarios/ideal_case,Packaging Compliance Infographic Grid.png,"536,51,662,144"
packaging_dataset/compliance_scenarios/ideal_case/r01_c05.jpg,compliance_scenarios,1,ideal_case,5,expiry_date_legibility,compliance_scenarios/ideal_case,Packaging Compliance Infographic Grid.png,"666,51,791,144"
packaging_dataset/compliance_scenarios/ideal_case/r01_c06.jpg,compliance_scenarios,1,ideal_case,6,handling_marks,compliance_scenarios/ideal_case,Packaging Compliance Infographic Grid.png,"795,51,921,144"
packaging_dataset/compliance_scenarios/ideal_case/r01_c07.jpg,compliance_scenarios,1,ideal_case,7,view_front,compliance_scenarios/ideal_case,Packaging Compliance Infographic Grid.png,"925,51,1050,144"
packaging_dataset/compliance_scenarios/ideal_case/r01_c08.jpg,compliance_scenarios,1,ideal_case,8,view_back,compliance_scenarios/ideal_case,Packaging Compliance Infographic Grid.png,"1054,51,1180,144"
packaging_dataset/compliance_scenarios/ideal_case/r01_c09.jpg,compliance_scenarios,1,ideal_case,9,view_label_closeup,compliance_scenarios/ideal_case,Packaging Compliance Infographic Grid.png,"1184,51,1309,144"
packaging_dataset/compliance_scenarios/no_polybag/r02_c01.jpg,compliance_scenarios,2,no_polybag,1,polybag_presence_seal,compliance_scenarios/no_polybag,Packaging Compliance Infographic Grid.png,"148,178,273,271"
packaging_dataset/compliance_scenarios/no_polybag/r02_c02.jpg,compliance_scenarios,2,no_polybag,2,suffocation_warning,compliance_scenarios/no_polybag,Packaging Compliance Infographic Grid.png,"277,178,403,271"
packaging_dataset/compliance_scenarios/no_polybag/r02_c03.jpg,compliance_scenarios,2,no_polybag,3,fnsku_placement,compliance_scenarios/no_polybag,Packaging Compliance Infographic Grid.png,"407,178,532,271"
packaging_dataset/compliance_scenarios/no_polybag/r02_c04.jpg,compliance_scenarios,2,no_polybag,4,original_barcode_coverage,compliance_scenarios/no_polybag,Packaging Compliance Infographic Grid.png,"536,178,662,271"
packaging_dataset/compliance_scenarios/no_polybag/r02_c05.jpg,compliance_scenarios,2,no_polybag,5,expiry_date_legibility,compliance_scenarios/no_polybag,Packaging Compliance Infographic Grid.png,"666,178,791,271"
packaging_dataset/compliance_scenarios/no_polybag/r02_c06.jpg,compliance_scenarios,2,no_polybag,6,handling_marks,compliance_scenarios/no_polybag,Packaging Compliance Infographic Grid.png,"795,178,921,271"
packaging_dataset/compliance_scenarios/no_polybag/r02_c07.jpg,compliance_scenarios,2,no_polybag,7,view_front,compliance_scenarios/no_polybag,Packaging Compliance Infographic Grid.png,"925,178,1050,271"
packaging_dataset/compliance_scenarios/no_polybag/r02_c08.jpg,compliance_scenarios,2,no_polybag,8,view_back,compliance_scenarios/no_polybag,Packaging Compliance Infographic Grid.png,"1054,178,1180,271"
packaging_dataset/compliance_scenarios/no_polybag/r02_c09.jpg,compliance_scenarios,2,no_polybag,9,view_label_closeup,compliance_scenarios/no_polybag,Packaging Compliance Infographic Grid.png,"1184,178,1309,271"
packaging_dataset/compliance_scenarios/polybag_open_loose_seal/r03_c01.jpg,compliance_scenarios,3,polybag_open_loose_seal,1,polybag_presence_seal,compliance_scenarios/polybag_open_loose_seal,Packaging Compliance Infographic Grid.png,"148,305,273,398"
packaging_dataset/compliance_scenarios/polybag_open_loose_seal/r03_c02.jpg,compliance_scenarios,3,polybag_open_loose_seal,2,suffocation_warning,compliance_scenarios/polybag_open_loose_seal,Packaging Compliance Infographic Grid.png,"277,305,403,398"
packaging_dataset/compliance_scenarios/polybag_open_loose_seal/r03_c03.jpg,compliance_scenarios,3,polybag_open_loose_seal,3,fnsku_placement,compliance_scenarios/polybag_open_loose_seal,Packaging Compliance Infographic Grid.png,"407,305,532,398"
packaging_dataset/compliance_scenarios/polybag_open_loose_seal/r03_c04.jpg,compliance_scenarios,3,polybag_open_loose_seal,4,original_barcode_coverage,compliance_scenarios/polybag_open_loose_seal,Packaging Compliance Infographic Grid.png,"536,305,662,398"
packaging_dataset/compliance_scenarios/polybag_open_loose_seal/r03_c05.jpg,compliance_scenarios,3,polybag_open_loose_seal,5,expiry_date_legibility,compliance_scenarios/polybag_open_loose_seal,Packaging Compliance Infographic Grid.png,"666,305,791,398"
packaging_dataset/compliance_scenarios/polybag_open_loose_seal/r03_c06.jpg,compliance_scenarios,3,polybag_open_loose_seal,6,handling_marks,compliance_scenarios/polybag_open_loose_seal,Packaging Compliance Infographic Grid.png,"795,305,921,398"
packaging_dataset/compliance_scenarios/polybag_open_loose_seal/r03_c07.jpg,compliance_scenarios,3,polybag_open_loose_seal,7,view_front,compliance_scenarios/polybag_open_loose_seal,Packaging Compliance Infographic Grid.png,"925,305,1050,398"
packaging_dataset/compliance_scenarios/polybag_open_loose_seal/r03_c08.jpg,compliance_scenarios,3,polybag_open_loose_seal,8,view_back,compliance_scenarios/polybag_open_loose_seal,Packaging Compliance Infographic Grid.png,"1054,305,1180,398"
packaging_dataset/compliance_scenarios/polybag_open_loose_seal/r03_c09.jpg,compliance_scenarios,3,polybag_open_loose_seal,9,view_label_closeup,compliance_scenarios/polybag_open_loose_seal,Packaging Compliance Infographic Grid.png,"1184,305,1309,398"
packaging_dataset/compliance_scenarios/missing_warning_label/r04_c01.jpg,compliance_scenarios,4,missing_warning_label,1,polybag_presence_seal,compliance_scenarios/missing_warning_label,Packaging Compliance Infographic Grid.png,"148,432,273,525"
packaging_dataset/compliance_scenarios/missing_warning_label/r04_c02.jpg,compliance_scenarios,4,missing_warning_label,2,suffocation_warning,compliance_scenarios/missing_warning_label,Packaging Compliance Infographic Grid.png,"277,432,403,525"
packaging_dataset/compliance_scenarios/missing_warning_label/r04_c03.jpg,compliance_scenarios,4,missing_warning_label,3,fnsku_placement,compliance_scenarios/missing_warning_label,Packaging Compliance Infographic Grid.png,"407,432,532,525"
packaging_dataset/compliance_scenarios/missing_warning_label/r04_c04.jpg,compliance_scenarios,4,missing_warning_label,4,original_barcode_coverage,compliance_scenarios/missing_warning_label,Packaging Compliance Infographic Grid.png,"536,432,662,525"
packaging_dataset/compliance_scenarios/missing_warning_label/r04_c05.jpg,compliance_scenarios,4,missing_warning_label,5,expiry_date_legibility,compliance_scenarios/missing_warning_label,Packaging Compliance Infographic Grid.png,"666,432,791,525"
packaging_dataset/compliance_scenarios/missing_warning_label/r04_c06.jpg,compliance_scenarios,4,missing_warning_label,6,handling_marks,compliance_scenarios/missing_warning_label,Packaging Compliance Infographic Grid.png,"795,432,921,525"
packaging_dataset/compliance_scenarios/missing_warning_label/r04_c07.jpg,compliance_scenarios,4,missing_warning_label,7,view_front,compliance_scenarios/missing_warning_label,Packaging Compliance Infographic Grid.png,"925,432,1050,525"
packaging_dataset/compliance_scenarios/missing_warning_label/r04_c08.jpg,compliance_scenarios,4,missing_warning_label,8,view_back,compliance_scenarios/missing_warning_label,Packaging Compliance Infographic Grid.png,"1054,432,1180,525"
packaging_dataset/compliance_scenarios/missing_warning_label/r04_c09.jpg,compliance_scenarios,4,missing_warning_label,9,view_label_closeup,compliance_scenarios/missing_warning_label,Packaging Compliance Infographic Grid.png,"1184,432,1309,525"
packaging_dataset/compliance_scenarios/warning_label_obscured/r05_c01.jpg,compliance_scenarios,5,warning_label_obscured,1,polybag_presence_seal,compliance_scenarios/warning_label_obscured,Packaging Compliance Infographic Grid.png,"148,559,273,652"
packaging_dataset/compliance_scenarios/warning_label_obscured/r05_c02.jpg,compliance_scenarios,5,warning_label_obscured,2,suffocation_warning,compliance_scenarios/warning_label_obscured,Packaging Compliance Infographic Grid.png,"277,559,403,652"
packaging_dataset/compliance_scenarios/warning_label_obscured/r05_c03.jpg,compliance_scenarios,5,warning_label_obscured,3,fnsku_placement,compliance_scenarios/warning_label_obscured,Packaging Compliance Infographic Grid.png,"407,559,532,652"
packaging_dataset/compliance_scenarios/warning_label_obscured/r05_c04.jpg,compliance_scenarios,5,warning_label_obscured,4,original_barcode_coverage,compliance_scenarios/warning_label_obscured,Packaging Compliance Infographic Grid.png,"536,559,662,652"
packaging_dataset/compliance_scenarios/warning_label_obscured/r05_c05.jpg,compliance_scenarios,5,warning_label_obscured,5,expiry_date_legibility,compliance_scenarios/warning_label_obscured,Packaging Compliance Infographic Grid.png,"666,559,791,652"
packaging_dataset/compliance_scenarios/warning_label_obscured/r05_c06.jpg,compliance_scenarios,5,warning_label_obscured,6,handling_marks,compliance_scenarios/warning_label_obscured,Packaging Compliance Infographic Grid.png,"795,559,921,652"
packaging_dataset/compliance_scenarios/warning_label_obscured/r05_c07.jpg,compliance_scenarios,5,warning_label_obscured,7,view_front,compliance_scenarios/warning_label_obscured,Packaging Compliance Infographic Grid.png,"925,559,1050,652"
packaging_dataset/compliance_scenarios/warning_label_obscured/r05_c08.jpg,compliance_scenarios,5,warning_label_obscured,8,view_back,compliance_scenarios/warning_label_obscured,Packaging Compliance Infographic Grid.png,"1054,559,1180,652"
packaging_dataset/compliance_scenarios/warning_label_obscured/r05_c09.jpg,compliance_scenarios,5,warning_label_obscured,9,view_label_closeup,compliance_scenarios/warning_label_obscured,Packaging Compliance Infographic Grid.png,"1184,559,1309,652"
packaging_dataset/compliance_scenarios/fnsku_on_flat_surface/r06_c01.jpg,compliance_scenarios,6,fnsku_on_flat_surface,1,polybag_presence_seal,compliance_scenarios/fnsku_on_flat_surface,Packaging Compliance Infographic Grid.png,"148,686,273,779"
packaging_dataset/compliance_scenarios/fnsku_on_flat_surface/r06_c02.jpg,compliance_scenarios,6,fnsku_on_flat_surface,2,suffocation_warning,compliance_scenarios/fnsku_on_flat_surface,Packaging Compliance Infographic Grid.png,"277,686,403,779"
packaging_dataset/compliance_scenarios/fnsku_on_flat_surface/r06_c03.jpg,compliance_scenarios,6,fnsku_on_flat_surface,3,fnsku_placement,compliance_scenarios/fnsku_on_flat_surface,Packaging Compliance Infographic Grid.png,"407,686,532,779"
packaging_dataset/compliance_scenarios/fnsku_on_flat_surface/r06_c04.jpg,compliance_scenarios,6,fnsku_on_flat_surface,4,original_barcode_coverage,compliance_scenarios/fnsku_on_flat_surface,Packaging Compliance Infographic Grid.png,"536,686,662,779"
packaging_dataset/compliance_scenarios/fnsku_on_flat_surface/r06_c05.jpg,compliance_scenarios,6,fnsku_on_flat_surface,5,expiry_date_legibility,compliance_scenarios/fnsku_on_flat_surface,Packaging Compliance Infographic Grid.png,"666,686,791,779"
packaging_dataset/compliance_scenarios/fnsku_on_flat_surface/r06_c06.jpg,compliance_scenarios,6,fnsku_on_flat_surface,6,handling_marks,compliance_scenarios/fnsku_on_flat_surface,Packaging Compliance Infographic Grid.png,"795,686,921,779"
packaging_dataset/compliance_scenarios/fnsku_on_flat_surface/r06_c07.jpg,compliance_scenarios,6,fnsku_on_flat_surface,7,view_front,compliance_scenarios/fnsku_on_flat_surface,Packaging Compliance Infographic Grid.png,"925,686,1050,779"
packaging_dataset/compliance_scenarios/fnsku_on_flat_surface/r06_c08.jpg,compliance_scenarios,6,fnsku_on_flat_surface,8,view_back,compliance_scenarios/fnsku_on_flat_surface,Packaging Compliance Infographic Grid.png,"1054,686,1180,779"
packaging_dataset/compliance_scenarios/fnsku_on_flat_surface/r06_c09.jpg,compliance_scenarios,6,fnsku_on_flat_surface,9,view_label_closeup,compliance_scenarios/fnsku_on_flat_surface,Packaging Compliance Infographic Grid.png,"1184,686,1309,779"
packaging_dataset/compliance_scenarios/fnsku_on_seam_curve/r07_c01.jpg,compliance_scenarios,7,fnsku_on_seam_curve,1,polybag_presence_seal,compliance_scenarios/fnsku_on_seam_curve,Packaging Compliance Infographic Grid.png,"148,813,273,906"
packaging_dataset/compliance_scenarios/fnsku_on_seam_curve/r07_c02.jpg,compliance_scenarios,7,fnsku_on_seam_curve,2,suffocation_warning,compliance_scenarios/fnsku_on_seam_curve,Packaging Compliance Infographic Grid.png,"277,813,403,906"
packaging_dataset/compliance_scenarios/fnsku_on_seam_curve/r07_c03.jpg,compliance_scenarios,7,fnsku_on_seam_curve,3,fnsku_placement,compliance_scenarios/fnsku_on_seam_curve,Packaging Compliance Infographic Grid.png,"407,813,532,906"
packaging_dataset/compliance_scenarios/fnsku_on_seam_curve/r07_c04.jpg,compliance_scenarios,7,fnsku_on_seam_curve,4,original_barcode_coverage,compliance_scenarios/fnsku_on_seam_curve,Packaging Compliance Infographic Grid.png,"536,813,662,906"
packaging_dataset/compliance_scenarios/fnsku_on_seam_curve/r07_c05.jpg,compliance_scenarios,7,fnsku_on_seam_curve,5,expiry_date_legibility,compliance_scenarios/fnsku_on_seam_curve,Packaging Compliance Infographic Grid.png,"666,813,791,906"
packaging_dataset/compliance_scenarios/fnsku_on_seam_curve/r07_c06.jpg,compliance_scenarios,7,fnsku_on_seam_curve,6,handling_marks,compliance_scenarios/fnsku_on_seam_curve,Packaging Compliance Infographic Grid.png,"795,813,921,906"
packaging_dataset/compliance_scenarios/fnsku_on_seam_curve/r07_c07.jpg,compliance_scenarios,7,fnsku_on_seam_curve,7,view_front,compliance_scenarios/fnsku_on_seam_curve,Packaging Compliance Infographic Grid.png,"925,813,1050,906"
packaging_dataset/compliance_scenarios/fnsku_on_seam_curve/r07_c08.jpg,compliance_scenarios,7,fnsku_on_seam_curve,8,view_back,compliance_scenarios/fnsku_on_seam_curve,Packaging Compliance Infographic Grid.png,"1054,813,1180,906"
packaging_dataset/compliance_scenarios/fnsku_on_seam_curve/r07_c09.jpg,compliance_scenarios,7,fnsku_on_seam_curve,9,view_label_closeup,compliance_scenarios/fnsku_on_seam_curve,Packaging Compliance Infographic Grid.png,"1184,813,1309,906"
packaging_dataset/compliance_scenarios/original_barcode_not_covered/r08_c01.jpg,compliance_scenarios,8,original_barcode_not_covered,1,polybag_presence_seal,compliance_scenarios/original_barcode_not_covered,Packaging Compliance Infographic Grid.png,"148,940,273,1033"
packaging_dataset/compliance_scenarios/original_barcode_not_covered/r08_c02.jpg,compliance_scenarios,8,original_barcode_not_covered,2,suffocation_warning,compliance_scenarios/original_barcode_not_covered,Packaging Compliance Infographic Grid.png,"277,940,403,1033"
packaging_dataset/compliance_scenarios/original_barcode_not_covered/r08_c03.jpg,compliance_scenarios,8,original_barcode_not_covered,3,fnsku_placement,compliance_scenarios/original_barcode_not_covered,Packaging Compliance Infographic Grid.png,"407,940,532,1033"
packaging_dataset/compliance_scenarios/original_barcode_not_covered/r08_c04.jpg,compliance_scenarios,8,original_barcode_not_covered,4,original_barcode_coverage,compliance_scenarios/original_barcode_not_covered,Packaging Compliance Infographic Grid.png,"536,940,662,1033"
packaging_dataset/compliance_scenarios/original_barcode_not_covered/r08_c05.jpg,compliance_scenarios,8,original_barcode_not_covered,5,expiry_date_legibility,compliance_scenarios/original_barcode_not_covered,Packaging Compliance Infographic Grid.png,"666,940,791,1033"
packaging_dataset/compliance_scenarios/original_barcode_not_covered/r08_c06.jpg,compliance_scenarios,8,original_barcode_not_covered,6,handling_marks,compliance_scenarios/original_barcode_not_covered,Packaging Compliance Infographic Grid.png,"795,940,921,1033"
packaging_dataset/compliance_scenarios/original_barcode_not_covered/r08_c07.jpg,compliance_scenarios,8,original_barcode_not_covered,7,view_front,compliance_scenarios/original_barcode_not_covered,Packaging Compliance Infographic Grid.png,"925,940,1050,1033"
packaging_dataset/compliance_scenarios/original_barcode_not_covered/r08_c08.jpg,compliance_scenarios,8,original_barcode_not_covered,8,view_back,compliance_scenarios/original_barcode_not_covered,Packaging Compliance Infographic Grid.png,"1054,940,1180,1033"
packaging_dataset/compliance_scenarios/original_barcode_not_covered/r08_c09.jpg,compliance_scenarios,8,original_barcode_not_covered,9,view_label_closeup,compliance_scenarios/original_barcode_not_covered,Packaging Compliance Infographic Grid.png,"1184,940,1309,1033"
packaging_dataset/compliance_scenarios/expiry_date_illegible_missing/r09_c01.jpg,compliance_scenarios,9,expiry_date_illegible_missing,1,polybag_presence_seal,compliance_scenarios/expiry_date_illegible_missing,Packaging Compliance Infographic Grid.png,"148,1067,273,1160"
packaging_dataset/compliance_scenarios/expiry_date_illegible_missing/r09_c02.jpg,compliance_scenarios,9,expiry_date_illegible_missing,2,suffocation_warning,compliance_scenarios/expiry_date_illegible_missing,Packaging Compliance Infographic Grid.png,"277,1067,403,1160"
packaging_dataset/compliance_scenarios/expiry_date_illegible_missing/r09_c03.jpg,compliance_scenarios,9,expiry_date_illegible_missing,3,fnsku_placement,compliance_scenarios/expiry_date_illegible_missing,Packaging Compliance Infographic Grid.png,"407,1067,532,1160"
packaging_dataset/compliance_scenarios/expiry_date_illegible_missing/r09_c04.jpg,compliance_scenarios,9,expiry_date_illegible_missing,4,original_barcode_coverage,compliance_scenarios/expiry_date_illegible_missing,Packaging Compliance Infographic Grid.png,"536,1067,662,1160"
packaging_dataset/compliance_scenarios/expiry_date_illegible_missing/r09_c05.jpg,compliance_scenarios,9,expiry_date_illegible_missing,5,expiry_date_legibility,compliance_scenarios/expiry_date_illegible_missing,Packaging Compliance Infographic Grid.png,"666,1067,791,1160"
packaging_dataset/compliance_scenarios/expiry_date_illegible_missing/r09_c06.jpg,compliance_scenarios,9,expiry_date_illegible_missing,6,handling_marks,compliance_scenarios/expiry_date_illegible_missing,Packaging Compliance Infographic Grid.png,"795,1067,921,1160"
packaging_dataset/compliance_scenarios/expiry_date_illegible_missing/r09_c07.jpg,compliance_scenarios,9,expiry_date_illegible_missing,7,view_front,compliance_scenarios/expiry_date_illegible_missing,Packaging Compliance Infographic Grid.png,"925,1067,1050,1160"
packaging_dataset/compliance_scenarios/expiry_date_illegible_missing/r09_c08.jpg,compliance_scenarios,9,expiry_date_illegible_missing,8,view_back,compliance_scenarios/expiry_date_illegible_missing,Packaging Compliance Infographic Grid.png,"1054,1067,1180,1160"
packaging_dataset/compliance_scenarios/expiry_date_illegible_missing/r09_c09.jpg,compliance_scenarios,9,expiry_date_illegible_missing,9,view_label_closeup,compliance_scenarios/expiry_date_illegible_missing,Packaging Compliance Infographic Grid.png,"1184,1067,1309,1160"
packaging_dataset/inspection_reference/barcode_scanability/r01_c01.jpg,inspection_reference,1,barcode_scanability,1,ideal_correct,inspection_reference/barcode_scanability,Product Inspection Dataset Reference Grid.png,"151,51,276,150"
packaging_dataset/inspection_reference/barcode_scanability/r01_c02.jpg,inspection_reference,1,barcode_scanability,2,valid_variation,inspection_reference/barcode_scanability,Product Inspection Dataset Reference Grid.png,"280,51,405,150"
packaging_dataset/inspection_reference/barcode_scanability/r01_c03.jpg,inspection_reference,1,barcode_scanability,3,edge_case,inspection_reference/barcode_scanability,Product Inspection Dataset Reference Grid.png,"409,51,534,150"
packaging_dataset/inspection_reference/barcode_scanability/r01_c04.jpg,inspection_reference,1,barcode_scanability,4,fail_case_1,inspection_reference/barcode_scanability,Product Inspection Dataset Reference Grid.png,"538,51,663,150"
packaging_dataset/inspection_reference/barcode_scanability/r01_c05.jpg,inspection_reference,1,barcode_scanability,5,fail_case_2,inspection_reference/barcode_scanability,Product Inspection Dataset Reference Grid.png,"667,51,793,150"
packaging_dataset/inspection_reference/barcode_scanability/r01_c06.jpg,inspection_reference,1,barcode_scanability,6,uncertain_case,inspection_reference/barcode_scanability,Product Inspection Dataset Reference Grid.png,"797,51,922,150"
packaging_dataset/inspection_reference/barcode_scanability/r01_c07.jpg,inspection_reference,1,barcode_scanability,7,different_product_type,inspection_reference/barcode_scanability,Product Inspection Dataset Reference Grid.png,"926,51,1051,150"
packaging_dataset/inspection_reference/barcode_scanability/r01_c08.jpg,inspection_reference,1,barcode_scanability,8,real_world_variation,inspection_reference/barcode_scanability,Product Inspection Dataset Reference Grid.png,"1055,51,1180,150"
packaging_dataset/inspection_reference/barcode_scanability/r01_c09.jpg,inspection_reference,1,barcode_scanability,9,challenging_case,inspection_reference/barcode_scanability,Product Inspection Dataset Reference Grid.png,"1184,51,1309,150"
packaging_dataset/inspection_reference/barcode_to_sku_match/r02_c01.jpg,inspection_reference,2,barcode_to_sku_match,1,ideal_correct,inspection_reference/barcode_to_sku_match,Product Inspection Dataset Reference Grid.png,"151,178,276,277"
packaging_dataset/inspection_reference/barcode_to_sku_match/r02_c02.jpg,inspection_reference,2,barcode_to_sku_match,2,valid_variation,inspection_reference/barcode_to_sku_match,Product Inspection Dataset Reference Grid.png,"280,178,405,277"
packaging_dataset/inspection_reference/barcode_to_sku_match/r02_c03.jpg,inspection_reference,2,barcode_to_sku_match,3,edge_case,inspection_reference/barcode_to_sku_match,Product Inspection Dataset Reference Grid.png,"409,178,534,277"
packaging_dataset/inspection_reference/barcode_to_sku_match/r02_c04.jpg,inspection_reference,2,barcode_to_sku_match,4,fail_case_1,inspection_reference/barcode_to_sku_match,Product Inspection Dataset Reference Grid.png,"538,178,663,277"
packaging_dataset/inspection_reference/barcode_to_sku_match/r02_c05.jpg,inspection_reference,2,barcode_to_sku_match,5,fail_case_2,inspection_reference/barcode_to_sku_match,Product Inspection Dataset Reference Grid.png,"667,178,793,277"
packaging_dataset/inspection_reference/barcode_to_sku_match/r02_c06.jpg,inspection_reference,2,barcode_to_sku_match,6,uncertain_case,inspection_reference/barcode_to_sku_match,Product Inspection Dataset Reference Grid.png,"797,178,922,277"
packaging_dataset/inspection_reference/barcode_to_sku_match/r02_c07.jpg,inspection_reference,2,barcode_to_sku_match,7,different_product_type,inspection_reference/barcode_to_sku_match,Product Inspection Dataset Reference Grid.png,"926,178,1051,277"
packaging_dataset/inspection_reference/barcode_to_sku_match/r02_c08.jpg,inspection_reference,2,barcode_to_sku_match,8,real_world_variation,inspection_reference/barcode_to_sku_match,Product Inspection Dataset Reference Grid.png,"1055,178,1180,277"
packaging_dataset/inspection_reference/barcode_to_sku_match/r02_c09.jpg,inspection_reference,2,barcode_to_sku_match,9,challenging_case,inspection_reference/barcode_to_sku_match,Product Inspection Dataset Reference Grid.png,"1184,178,1309,277"
packaging_dataset/inspection_reference/label_print_quality/r03_c01.jpg,inspection_reference,3,label_print_quality,1,ideal_correct,inspection_reference/label_print_quality,Product Inspection Dataset Reference Grid.png,"151,305,276,404"
packaging_dataset/inspection_reference/label_print_quality/r03_c02.jpg,inspection_reference,3,label_print_quality,2,valid_variation,inspection_reference/label_print_quality,Product Inspection Dataset Reference Grid.png,"280,305,405,404"
packaging_dataset/inspection_reference/label_print_quality/r03_c03.jpg,inspection_reference,3,label_print_quality,3,edge_case,inspection_reference/label_print_quality,Product Inspection Dataset Reference Grid.png,"409,305,534,404"
packaging_dataset/inspection_reference/label_print_quality/r03_c04.jpg,inspection_reference,3,label_print_quality,4,fail_case_1,inspection_reference/label_print_quality,Product Inspection Dataset Reference Grid.png,"538,305,663,404"
packaging_dataset/inspection_reference/label_print_quality/r03_c05.jpg,inspection_reference,3,label_print_quality,5,fail_case_2,inspection_reference/label_print_quality,Product Inspection Dataset Reference Grid.png,"667,305,793,404"
packaging_dataset/inspection_reference/label_print_quality/r03_c06.jpg,inspection_reference,3,label_print_quality,6,uncertain_case,inspection_reference/label_print_quality,Product Inspection Dataset Reference Grid.png,"797,305,922,404"
packaging_dataset/inspection_reference/label_print_quality/r03_c07.jpg,inspection_reference,3,label_print_quality,7,different_product_type,inspection_reference/label_print_quality,Product Inspection Dataset Reference Grid.png,"926,305,1051,404"
packaging_dataset/inspection_reference/label_print_quality/r03_c08.jpg,inspection_reference,3,label_print_quality,8,real_world_variation,inspection_reference/label_print_quality,Product Inspection Dataset Reference Grid.png,"1055,305,1180,404"
packaging_dataset/inspection_reference/label_print_quality/r03_c09.jpg,inspection_reference,3,label_print_quality,9,challenging_case,inspection_reference/label_print_quality,Product Inspection Dataset Reference Grid.png,"1184,305,1309,404"
packaging_dataset/inspection_reference/label_obstruction/r04_c01.jpg,inspection_reference,4,label_obstruction,1,ideal_correct,inspection_reference/label_obstruction,Product Inspection Dataset Reference Grid.png,"151,432,276,531"
packaging_dataset/inspection_reference/label_obstruction/r04_c02.jpg,inspection_reference,4,label_obstruction,2,valid_variation,inspection_reference/label_obstruction,Product Inspection Dataset Reference Grid.png,"280,432,405,531"
packaging_dataset/inspection_reference/label_obstruction/r04_c03.jpg,inspection_reference,4,label_obstruction,3,edge_case,inspection_reference/label_obstruction,Product Inspection Dataset Reference Grid.png,"409,432,534,531"
packaging_dataset/inspection_reference/label_obstruction/r04_c04.jpg,inspection_reference,4,label_obstruction,4,fail_case_1,inspection_reference/label_obstruction,Product Inspection Dataset Reference Grid.png,"538,432,663,531"
packaging_dataset/inspection_reference/label_obstruction/r04_c05.jpg,inspection_reference,4,label_obstruction,5,fail_case_2,inspection_reference/label_obstruction,Product Inspection Dataset Reference Grid.png,"667,432,793,531"
packaging_dataset/inspection_reference/label_obstruction/r04_c06.jpg,inspection_reference,4,label_obstruction,6,uncertain_case,inspection_reference/label_obstruction,Product Inspection Dataset Reference Grid.png,"797,432,922,531"
packaging_dataset/inspection_reference/label_obstruction/r04_c07.jpg,inspection_reference,4,label_obstruction,7,different_product_type,inspection_reference/label_obstruction,Product Inspection Dataset Reference Grid.png,"926,432,1051,531"
packaging_dataset/inspection_reference/label_obstruction/r04_c08.jpg,inspection_reference,4,label_obstruction,8,real_world_variation,inspection_reference/label_obstruction,Product Inspection Dataset Reference Grid.png,"1055,432,1180,531"
packaging_dataset/inspection_reference/label_obstruction/r04_c09.jpg,inspection_reference,4,label_obstruction,9,challenging_case,inspection_reference/label_obstruction,Product Inspection Dataset Reference Grid.png,"1184,432,1309,531"
packaging_dataset/inspection_reference/expiry_date_validity/r05_c01.jpg,inspection_reference,5,expiry_date_validity,1,ideal_correct,inspection_reference/expiry_date_validity,Product Inspection Dataset Reference Grid.png,"151,559,276,659"
packaging_dataset/inspection_reference/expiry_date_validity/r05_c02.jpg,inspection_reference,5,expiry_date_validity,2,valid_variation,inspection_reference/expiry_date_validity,Product Inspection Dataset Reference Grid.png,"280,559,405,659"
packaging_dataset/inspection_reference/expiry_date_validity/r05_c03.jpg,inspection_reference,5,expiry_date_validity,3,edge_case,inspection_reference/expiry_date_validity,Product Inspection Dataset Reference Grid.png,"409,559,534,659"
packaging_dataset/inspection_reference/expiry_date_validity/r05_c04.jpg,inspection_reference,5,expiry_date_validity,4,fail_case_1,inspection_reference/expiry_date_validity,Product Inspection Dataset Reference Grid.png,"538,559,663,659"
packaging_dataset/inspection_reference/expiry_date_validity/r05_c05.jpg,inspection_reference,5,expiry_date_validity,5,fail_case_2,inspection_reference/expiry_date_validity,Product Inspection Dataset Reference Grid.png,"667,559,793,659"
packaging_dataset/inspection_reference/expiry_date_validity/r05_c06.jpg,inspection_reference,5,expiry_date_validity,6,uncertain_case,inspection_reference/expiry_date_validity,Product Inspection Dataset Reference Grid.png,"797,559,922,659"
packaging_dataset/inspection_reference/expiry_date_validity/r05_c07.jpg,inspection_reference,5,expiry_date_validity,7,different_product_type,inspection_reference/expiry_date_validity,Product Inspection Dataset Reference Grid.png,"926,559,1051,659"
packaging_dataset/inspection_reference/expiry_date_validity/r05_c08.jpg,inspection_reference,5,expiry_date_validity,8,real_world_variation,inspection_reference/expiry_date_validity,Product Inspection Dataset Reference Grid.png,"1055,559,1180,659"
packaging_dataset/inspection_reference/expiry_date_validity/r05_c09.jpg,inspection_reference,5,expiry_date_validity,9,challenging_case,inspection_reference/expiry_date_validity,Product Inspection Dataset Reference Grid.png,"1184,559,1309,659"
packaging_dataset/inspection_reference/lot_batch_number/r06_c01.jpg,inspection_reference,6,lot_batch_number,1,ideal_correct,inspection_reference/lot_batch_number,Product Inspection Dataset Reference Grid.png,"151,687,276,786"
packaging_dataset/inspection_reference/lot_batch_number/r06_c02.jpg,inspection_reference,6,lot_batch_number,2,valid_variation,inspection_reference/lot_batch_number,Product Inspection Dataset Reference Grid.png,"280,687,405,786"
packaging_dataset/inspection_reference/lot_batch_number/r06_c03.jpg,inspection_reference,6,lot_batch_number,3,edge_case,inspection_reference/lot_batch_number,Product Inspection Dataset Reference Grid.png,"409,687,534,786"
packaging_dataset/inspection_reference/lot_batch_number/r06_c04.jpg,inspection_reference,6,lot_batch_number,4,fail_case_1,inspection_reference/lot_batch_number,Product Inspection Dataset Reference Grid.png,"538,687,663,786"
packaging_dataset/inspection_reference/lot_batch_number/r06_c05.jpg,inspection_reference,6,lot_batch_number,5,fail_case_2,inspection_reference/lot_batch_number,Product Inspection Dataset Reference Grid.png,"667,687,793,786"
packaging_dataset/inspection_reference/lot_batch_number/r06_c06.jpg,inspection_reference,6,lot_batch_number,6,uncertain_case,inspection_reference/lot_batch_number,Product Inspection Dataset Reference Grid.png,"797,687,922,786"
packaging_dataset/inspection_reference/lot_batch_number/r06_c07.jpg,inspection_reference,6,lot_batch_number,7,different_product_type,inspection_reference/lot_batch_number,Product Inspection Dataset Reference Grid.png,"926,687,1051,786"
packaging_dataset/inspection_reference/lot_batch_number/r06_c08.jpg,inspection_reference,6,lot_batch_number,8,real_world_variation,inspection_reference/lot_batch_number,Product Inspection Dataset Reference Grid.png,"1055,687,1180,786"
packaging_dataset/inspection_reference/lot_batch_number/r06_c09.jpg,inspection_reference,6,lot_batch_number,9,challenging_case,inspection_reference/lot_batch_number,Product Inspection Dataset Reference Grid.png,"1184,687,1309,786"
packaging_dataset/inspection_reference/safety_hazard_labels/r07_c01.jpg,inspection_reference,7,safety_hazard_labels,1,ideal_correct,inspection_reference/safety_hazard_labels,Product Inspection Dataset Reference Grid.png,"151,814,276,913"
packaging_dataset/inspection_reference/safety_hazard_labels/r07_c02.jpg,inspection_reference,7,safety_hazard_labels,2,valid_variation,inspection_reference/safety_hazard_labels,Product Inspection Dataset Reference Grid.png,"280,814,405,913"
packaging_dataset/inspection_reference/safety_hazard_labels/r07_c03.jpg,inspection_reference,7,safety_hazard_labels,3,edge_case,inspection_reference/safety_hazard_labels,Product Inspection Dataset Reference Grid.png,"409,814,534,913"
packaging_dataset/inspection_reference/safety_hazard_labels/r07_c04.jpg,inspection_reference,7,safety_hazard_labels,4,fail_case_1,inspection_reference/safety_hazard_labels,Product Inspection Dataset Reference Grid.png,"538,814,663,913"
packaging_dataset/inspection_reference/safety_hazard_labels/r07_c05.jpg,inspection_reference,7,safety_hazard_labels,5,fail_case_2,inspection_reference/safety_hazard_labels,Product Inspection Dataset Reference Grid.png,"667,814,793,913"
packaging_dataset/inspection_reference/safety_hazard_labels/r07_c06.jpg,inspection_reference,7,safety_hazard_labels,6,uncertain_case,inspection_reference/safety_hazard_labels,Product Inspection Dataset Reference Grid.png,"797,814,922,913"
packaging_dataset/inspection_reference/safety_hazard_labels/r07_c07.jpg,inspection_reference,7,safety_hazard_labels,7,different_product_type,inspection_reference/safety_hazard_labels,Product Inspection Dataset Reference Grid.png,"926,814,1051,913"
packaging_dataset/inspection_reference/safety_hazard_labels/r07_c08.jpg,inspection_reference,7,safety_hazard_labels,8,real_world_variation,inspection_reference/safety_hazard_labels,Product Inspection Dataset Reference Grid.png,"1055,814,1180,913"
packaging_dataset/inspection_reference/safety_hazard_labels/r07_c09.jpg,inspection_reference,7,safety_hazard_labels,9,challenging_case,inspection_reference/safety_hazard_labels,Product Inspection Dataset Reference Grid.png,"1184,814,1309,913"
packaging_dataset/inspection_reference/bundle_verification/r08_c01.jpg,inspection_reference,8,bundle_verification,1,ideal_correct,inspection_reference/bundle_verification,Product Inspection Dataset Reference Grid.png,"151,941,276,1040"
packaging_dataset/inspection_reference/bundle_verification/r08_c02.jpg,inspection_reference,8,bundle_verification,2,valid_variation,inspection_reference/bundle_verification,Product Inspection Dataset Reference Grid.png,"280,941,405,1040"
packaging_dataset/inspection_reference/bundle_verification/r08_c03.jpg,inspection_reference,8,bundle_verification,3,edge_case,inspection_reference/bundle_verification,Product Inspection Dataset Reference Grid.png,"409,941,534,1040"
packaging_dataset/inspection_reference/bundle_verification/r08_c04.jpg,inspection_reference,8,bundle_verification,4,fail_case_1,inspection_reference/bundle_verification,Product Inspection Dataset Reference Grid.png,"538,941,663,1040"
packaging_dataset/inspection_reference/bundle_verification/r08_c05.jpg,inspection_reference,8,bundle_verification,5,fail_case_2,inspection_reference/bundle_verification,Product Inspection Dataset Reference Grid.png,"667,941,793,1040"
packaging_dataset/inspection_reference/bundle_verification/r08_c06.jpg,inspection_reference,8,bundle_verification,6,uncertain_case,inspection_reference/bundle_verification,Product Inspection Dataset Reference Grid.png,"797,941,922,1040"
packaging_dataset/inspection_reference/bundle_verification/r08_c07.jpg,inspection_reference,8,bundle_verification,7,different_product_type,inspection_reference/bundle_verification,Product Inspection Dataset Reference Grid.png,"926,941,1051,1040"
packaging_dataset/inspection_reference/bundle_verification/r08_c08.jpg,inspection_reference,8,bundle_verification,8,real_world_variation,inspection_reference/bundle_verification,Product Inspection Dataset Reference Grid.png,"1055,941,1180,1040"
packaging_dataset/inspection_reference/bundle_verification/r08_c09.jpg,inspection_reference,8,bundle_verification,9,challenging_case,inspection_reference/bundle_verification,Product Inspection Dataset Reference Grid.png,"1184,941,1309,1040"
packaging_dataset/inspection_reference/product_contamination/r09_c01.jpg,inspection_reference,9,product_contamination,1,ideal_correct,inspection_reference/product_contamination,Product Inspection Dataset Reference Grid.png,"151,1068,276,1167"
packaging_dataset/inspection_reference/product_contamination/r09_c02.jpg,inspection_reference,9,product_contamination,2,valid_variation,inspection_reference/product_contamination,Product Inspection Dataset Reference Grid.png,"280,1068,405,1167"
packaging_dataset/inspection_reference/product_contamination/r09_c03.jpg,inspection_reference,9,product_contamination,3,edge_case,inspection_reference/product_contamination,Product Inspection Dataset Reference Grid.png,"409,1068,534,1167"
packaging_dataset/inspection_reference/product_contamination/r09_c04.jpg,inspection_reference,9,product_contamination,4,fail_case_1,inspection_reference/product_contamination,Product Inspection Dataset Reference Grid.png,"538,1068,663,1167"
packaging_dataset/inspection_reference/product_contamination/r09_c05.jpg,inspection_reference,9,product_contamination,5,fail_case_2,inspection_reference/product_contamination,Product Inspection Dataset Reference Grid.png,"667,1068,793,1167"
packaging_dataset/inspection_reference/product_contamination/r09_c06.jpg,inspection_reference,9,product_contamination,6,uncertain_case,inspection_reference/product_contamination,Product Inspection Dataset Reference Grid.png,"797,1068,922,1167"
packaging_dataset/inspection_reference/product_contamination/r09_c07.jpg,inspection_reference,9,product_contamination,7,different_product_type,inspection_reference/product_contamination,Product Inspection Dataset Reference Grid.png,"926,1068,1051,1167"
packaging_dataset/inspection_reference/product_contamination/r09_c08.jpg,inspection_reference,9,product_contamination,8,real_world_variation,inspection_reference/product_contamination,Product Inspection Dataset Reference Grid.png,"1055,1068,1180,1167"
packaging_dataset/inspection_reference/product_contamination/r09_c09.jpg,inspection_reference,9,product_contamination,9,challenging_case,inspection_reference/product_contamination,Product Inspection Dataset Reference Grid.png,"1184,1068,1309,1167"
packaging_dataset/inspection_examples/polybag_seal/r01_c01.jpg,inspection_examples,1,example_01,1,polybag_seal,inspection_examples/polybag_seal,Packaging Inspection Examples Grid.png,"42,51,179,148"
packaging_dataset/inspection_examples/suffocation_warning/r01_c02.jpg,inspection_examples,1,example_01,2,suffocation_warning,inspection_examples/suffocation_warning,Packaging Inspection Examples Grid.png,"183,51,320,148"
packaging_dataset/inspection_examples/fnsku_placement/r01_c03.jpg,inspection_examples,1,example_01,3,fnsku_placement,inspection_examples/fnsku_placement,Packaging Inspection Examples Grid.png,"324,51,462,148"
packaging_dataset/inspection_examples/original_barcode_coverage/r01_c04.jpg,inspection_examples,1,example_01,4,original_barcode_coverage,inspection_examples/original_barcode_coverage,Packaging Inspection Examples Grid.png,"466,51,603,148"
packaging_dataset/inspection_examples/expiry_date/r01_c05.jpg,inspection_examples,1,example_01,5,expiry_date,inspection_examples/expiry_date,Packaging Inspection Examples Grid.png,"607,51,744,148"
packaging_dataset/inspection_examples/handling_marks/r01_c06.jpg,inspection_examples,1,example_01,6,handling_marks,inspection_examples/handling_marks,Packaging Inspection Examples Grid.png,"748,51,885,148"
packaging_dataset/inspection_examples/barcode_scanability/r01_c07.jpg,inspection_examples,1,example_01,7,barcode_scanability,inspection_examples/barcode_scanability,Packaging Inspection Examples Grid.png,"889,51,1027,148"
packaging_dataset/inspection_examples/sku_product_match/r01_c08.jpg,inspection_examples,1,example_01,8,sku_product_match,inspection_examples/sku_product_match,Packaging Inspection Examples Grid.png,"1031,51,1168,148"
packaging_dataset/inspection_examples/mixed_scenario/r01_c09.jpg,inspection_examples,1,example_01,9,mixed_scenario,inspection_examples/mixed_scenario,Packaging Inspection Examples Grid.png,"1172,51,1309,148"
packaging_dataset/inspection_examples/polybag_seal/r02_c01.jpg,inspection_examples,2,example_02,1,polybag_seal,inspection_examples/polybag_seal,Packaging Inspection Examples Grid.png,"42,176,179,272"
packaging_dataset/inspection_examples/suffocation_warning/r02_c02.jpg,inspection_examples,2,example_02,2,suffocation_warning,inspection_examples/suffocation_warning,Packaging Inspection Examples Grid.png,"183,176,320,272"
packaging_dataset/inspection_examples/fnsku_placement/r02_c03.jpg,inspection_examples,2,example_02,3,fnsku_placement,inspection_examples/fnsku_placement,Packaging Inspection Examples Grid.png,"324,176,462,272"
packaging_dataset/inspection_examples/original_barcode_coverage/r02_c04.jpg,inspection_examples,2,example_02,4,original_barcode_coverage,inspection_examples/original_barcode_coverage,Packaging Inspection Examples Grid.png,"466,176,603,272"
packaging_dataset/inspection_examples/expiry_date/r02_c05.jpg,inspection_examples,2,example_02,5,expiry_date,inspection_examples/expiry_date,Packaging Inspection Examples Grid.png,"607,176,744,272"
packaging_dataset/inspection_examples/handling_marks/r02_c06.jpg,inspection_examples,2,example_02,6,handling_marks,inspection_examples/handling_marks,Packaging Inspection Examples Grid.png,"748,176,885,272"
packaging_dataset/inspection_examples/barcode_scanability/r02_c07.jpg,inspection_examples,2,example_02,7,barcode_scanability,inspection_examples/barcode_scanability,Packaging Inspection Examples Grid.png,"889,176,1027,272"
packaging_dataset/inspection_examples/sku_product_match/r02_c08.jpg,inspection_examples,2,example_02,8,sku_product_match,inspection_examples/sku_product_match,Packaging Inspection Examples Grid.png,"1031,176,1168,272"
packaging_dataset/inspection_examples/mixed_scenario/r02_c09.jpg,inspection_examples,2,example_02,9,mixed_scenario,inspection_examples/mixed_scenario,Packaging Inspection Examples Grid.png,"1172,176,1309,272"
packaging_dataset/inspection_examples/polybag_seal/r03_c01.jpg,inspection_examples,3,example_03,1,polybag_seal,inspection_examples/polybag_seal,Packaging Inspection Examples Grid.png,"42,300,179,397"
packaging_dataset/inspection_examples/suffocation_warning/r03_c02.jpg,inspection_examples,3,example_03,2,suffocation_warning,inspection_examples/suffocation_warning,Packaging Inspection Examples Grid.png,"183,300,320,397"
packaging_dataset/inspection_examples/fnsku_placement/r03_c03.jpg,inspection_examples,3,example_03,3,fnsku_placement,inspection_examples/fnsku_placement,Packaging Inspection Examples Grid.png,"324,300,462,397"
packaging_dataset/inspection_examples/original_barcode_coverage/r03_c04.jpg,inspection_examples,3,example_03,4,original_barcode_coverage,inspection_examples/original_barcode_coverage,Packaging Inspection Examples Grid.png,"466,300,603,397"
packaging_dataset/inspection_examples/expiry_date/r03_c05.jpg,inspection_examples,3,example_03,5,expiry_date,inspection_examples/expiry_date,Packaging Inspection Examples Grid.png,"607,300,744,397"
packaging_dataset/inspection_examples/handling_marks/r03_c06.jpg,inspection_examples,3,example_03,6,handling_marks,inspection_examples/handling_marks,Packaging Inspection Examples Grid.png,"748,300,885,397"
packaging_dataset/inspection_examples/barcode_scanability/r03_c07.jpg,inspection_examples,3,example_03,7,barcode_scanability,inspection_examples/barcode_scanability,Packaging Inspection Examples Grid.png,"889,300,1027,397"
packaging_dataset/inspection_examples/sku_product_match/r03_c08.jpg,inspection_examples,3,example_03,8,sku_product_match,inspection_examples/sku_product_match,Packaging Inspection Examples Grid.png,"1031,300,1168,397"
packaging_dataset/inspection_examples/mixed_scenario/r03_c09.jpg,inspection_examples,3,example_03,9,mixed_scenario,inspection_examples/mixed_scenario,Packaging Inspection Examples Grid.png,"1172,300,1309,397"
packaging_dataset/inspection_examples/polybag_seal/r04_c01.jpg,inspection_examples,4,example_04,1,polybag_seal,inspection_examples/polybag_seal,Packaging Inspection Examples Grid.png,"42,425,179,521"
packaging_dataset/inspection_examples/suffocation_warning/r04_c02.jpg,inspection_examples,4,example_04,2,suffocation_warning,inspection_examples/suffocation_warning,Packaging Inspection Examples Grid.png,"183,425,320,521"
packaging_dataset/inspection_examples/fnsku_placement/r04_c03.jpg,inspection_examples,4,example_04,3,fnsku_placement,inspection_examples/fnsku_placement,Packaging Inspection Examples Grid.png,"324,425,462,521"
packaging_dataset/inspection_examples/original_barcode_coverage/r04_c04.jpg,inspection_examples,4,example_04,4,original_barcode_coverage,inspection_examples/original_barcode_coverage,Packaging Inspection Examples Grid.png,"466,425,603,521"
packaging_dataset/inspection_examples/expiry_date/r04_c05.jpg,inspection_examples,4,example_04,5,expiry_date,inspection_examples/expiry_date,Packaging Inspection Examples Grid.png,"607,425,744,521"
packaging_dataset/inspection_examples/handling_marks/r04_c06.jpg,inspection_examples,4,example_04,6,handling_marks,inspection_examples/handling_marks,Packaging Inspection Examples Grid.png,"748,425,885,521"
packaging_dataset/inspection_examples/barcode_scanability/r04_c07.jpg,inspection_examples,4,example_04,7,barcode_scanability,inspection_examples/barcode_scanability,Packaging Inspection Examples Grid.png,"889,425,1027,521"
packaging_dataset/inspection_examples/sku_product_match/r04_c08.jpg,inspection_examples,4,example_04,8,sku_product_match,inspection_examples/sku_product_match,Packaging Inspection Examples Grid.png,"1031,425,1168,521"
packaging_dataset/inspection_examples/mixed_scenario/r04_c09.jpg,inspection_examples,4,example_04,9,mixed_scenario,inspection_examples/mixed_scenario,Packaging Inspection Examples Grid.png,"1172,425,1309,521"
packaging_dataset/inspection_examples/polybag_seal/r05_c01.jpg,inspection_examples,5,example_05,1,polybag_seal,inspection_examples/polybag_seal,Packaging Inspection Examples Grid.png,"42,549,179,646"
packaging_dataset/inspection_examples/suffocation_warning/r05_c02.jpg,inspection_examples,5,example_05,2,suffocation_warning,inspection_examples/suffocation_warning,Packaging Inspection Examples Grid.png,"183,549,320,646"
packaging_dataset/inspection_examples/fnsku_placement/r05_c03.jpg,inspection_examples,5,example_05,3,fnsku_placement,inspection_examples/fnsku_placement,Packaging Inspection Examples Grid.png,"324,549,462,646"
packaging_dataset/inspection_examples/original_barcode_coverage/r05_c04.jpg,inspection_examples,5,example_05,4,original_barcode_coverage,inspection_examples/original_barcode_coverage,Packaging Inspection Examples Grid.png,"466,549,603,646"
packaging_dataset/inspection_examples/expiry_date/r05_c05.jpg,inspection_examples,5,example_05,5,expiry_date,inspection_examples/expiry_date,Packaging Inspection Examples Grid.png,"607,549,744,646"
packaging_dataset/inspection_examples/handling_marks/r05_c06.jpg,inspection_examples,5,example_05,6,handling_marks,inspection_examples/handling_marks,Packaging Inspection Examples Grid.png,"748,549,885,646"
packaging_dataset/inspection_examples/barcode_scanability/r05_c07.jpg,inspection_examples,5,example_05,7,barcode_scanability,inspection_examples/barcode_scanability,Packaging Inspection Examples Grid.png,"889,549,1027,646"
packaging_dataset/inspection_examples/sku_product_match/r05_c08.jpg,inspection_examples,5,example_05,8,sku_product_match,inspection_examples/sku_product_match,Packaging Inspection Examples Grid.png,"1031,549,1168,646"
packaging_dataset/inspection_examples/mixed_scenario/r05_c09.jpg,inspection_examples,5,example_05,9,mixed_scenario,inspection_examples/mixed_scenario,Packaging Inspection Examples Grid.png,"1172,549,1309,646"
packaging_dataset/inspection_examples/polybag_seal/r06_c01.jpg,inspection_examples,6,example_06,1,polybag_seal,inspection_examples/polybag_seal,Packaging Inspection Examples Grid.png,"42,674,179,770"
packaging_dataset/inspection_examples/suffocation_warning/r06_c02.jpg,inspection_examples,6,example_06,2,suffocation_warning,inspection_examples/suffocation_warning,Packaging Inspection Examples Grid.png,"183,674,320,770"
packaging_dataset/inspection_examples/fnsku_placement/r06_c03.jpg,inspection_examples,6,example_06,3,fnsku_placement,inspection_examples/fnsku_placement,Packaging Inspection Examples Grid.png,"324,674,462,770"
packaging_dataset/inspection_examples/original_barcode_coverage/r06_c04.jpg,inspection_examples,6,example_06,4,original_barcode_coverage,inspection_examples/original_barcode_coverage,Packaging Inspection Examples Grid.png,"466,674,603,770"
packaging_dataset/inspection_examples/expiry_date/r06_c05.jpg,inspection_examples,6,example_06,5,expiry_date,inspection_examples/expiry_date,Packaging Inspection Examples Grid.png,"607,674,744,770"
packaging_dataset/inspection_examples/handling_marks/r06_c06.jpg,inspection_examples,6,example_06,6,handling_marks,inspection_examples/handling_marks,Packaging Inspection Examples Grid.png,"748,674,885,770"
packaging_dataset/inspection_examples/barcode_scanability/r06_c07.jpg,inspection_examples,6,example_06,7,barcode_scanability,inspection_examples/barcode_scanability,Packaging Inspection Examples Grid.png,"889,674,1027,770"
packaging_dataset/inspection_examples/sku_product_match/r06_c08.jpg,inspection_examples,6,example_06,8,sku_product_match,inspection_examples/sku_product_match,Packaging Inspection Examples Grid.png,"1031,674,1168,770"
packaging_dataset/inspection_examples/mixed_scenario/r06_c09.jpg,inspection_examples,6,example_06,9,mixed_scenario,inspection_examples/mixed_scenario,Packaging Inspection Examples Grid.png,"1172,674,1309,770"
packaging_dataset/inspection_examples/polybag_seal/r07_c01.jpg,inspection_examples,7,example_07,1,polybag_seal,inspection_examples/polybag_seal,Packaging Inspection Examples Grid.png,"42,798,179,895"
packaging_dataset/inspection_examples/suffocation_warning/r07_c02.jpg,inspection_examples,7,example_07,2,suffocation_warning,inspection_examples/suffocation_warning,Packaging Inspection Examples Grid.png,"183,798,320,895"
packaging_dataset/inspection_examples/fnsku_placement/r07_c03.jpg,inspection_examples,7,example_07,3,fnsku_placement,inspection_examples/fnsku_placement,Packaging Inspection Examples Grid.png,"324,798,462,895"
packaging_dataset/inspection_examples/original_barcode_coverage/r07_c04.jpg,inspection_examples,7,example_07,4,original_barcode_coverage,inspection_examples/original_barcode_coverage,Packaging Inspection Examples Grid.png,"466,798,603,895"
packaging_dataset/inspection_examples/expiry_date/r07_c05.jpg,inspection_examples,7,example_07,5,expiry_date,inspection_examples/expiry_date,Packaging Inspection Examples Grid.png,"607,798,744,895"
packaging_dataset/inspection_examples/handling_marks/r07_c06.jpg,inspection_examples,7,example_07,6,handling_marks,inspection_examples/handling_marks,Packaging Inspection Examples Grid.png,"748,798,885,895"
packaging_dataset/inspection_examples/barcode_scanability/r07_c07.jpg,inspection_examples,7,example_07,7,barcode_scanability,inspection_examples/barcode_scanability,Packaging Inspection Examples Grid.png,"889,798,1027,895"
packaging_dataset/inspection_examples/sku_product_match/r07_c08.jpg,inspection_examples,7,example_07,8,sku_product_match,inspection_examples/sku_product_match,Packaging Inspection Examples Grid.png,"1031,798,1168,895"
packaging_dataset/inspection_examples/mixed_scenario/r07_c09.jpg,inspection_examples,7,example_07,9,mixed_scenario,inspection_examples/mixed_scenario,Packaging Inspection Examples Grid.png,"1172,798,1309,895"
packaging_dataset/inspection_examples/polybag_seal/r08_c01.jpg,inspection_examples,8,example_08,1,polybag_seal,inspection_examples/polybag_seal,Packaging Inspection Examples Grid.png,"42,923,179,1019"
packaging_dataset/inspection_examples/suffocation_warning/r08_c02.jpg,inspection_examples,8,example_08,2,suffocation_warning,inspection_examples/suffocation_warning,Packaging Inspection Examples Grid.png,"183,923,320,1019"
packaging_dataset/inspection_examples/fnsku_placement/r08_c03.jpg,inspection_examples,8,example_08,3,fnsku_placement,inspection_examples/fnsku_placement,Packaging Inspection Examples Grid.png,"324,923,462,1019"
packaging_dataset/inspection_examples/original_barcode_coverage/r08_c04.jpg,inspection_examples,8,example_08,4,original_barcode_coverage,inspection_examples/original_barcode_coverage,Packaging Inspection Examples Grid.png,"466,923,603,1019"
packaging_dataset/inspection_examples/expiry_date/r08_c05.jpg,inspection_examples,8,example_08,5,expiry_date,inspection_examples/expiry_date,Packaging Inspection Examples Grid.png,"607,923,744,1019"
packaging_dataset/inspection_examples/handling_marks/r08_c06.jpg,inspection_examples,8,example_08,6,handling_marks,inspection_examples/handling_marks,Packaging Inspection Examples Grid.png,"748,923,885,1019"
packaging_dataset/inspection_examples/barcode_scanability/r08_c07.jpg,inspection_examples,8,example_08,7,barcode_scanability,inspection_examples/barcode_scanability,Packaging Inspection Examples Grid.png,"889,923,1027,1019"
packaging_dataset/inspection_examples/sku_product_match/r08_c08.jpg,inspection_examples,8,example_08,8,sku_product_match,inspection_examples/sku_product_match,Packaging Inspection Examples Grid.png,"1031,923,1168,1019"
packaging_dataset/inspection_examples/mixed_scenario/r08_c09.jpg,inspection_examples,8,example_08,9,mixed_scenario,inspection_examples/mixed_scenario,Packaging Inspection Examples Grid.png,"1172,923,1309,1019"
packaging_dataset/inspection_examples/polybag_seal/r09_c01.jpg,inspection_examples,9,example_09,1,polybag_seal,inspection_examples/polybag_seal,Packaging Inspection Examples Grid.png,"42,1047,179,1144"
packaging_dataset/inspection_examples/suffocation_warning/r09_c02.jpg,inspection_examples,9,example_09,2,suffocation_warning,inspection_examples/suffocation_warning,Packaging Inspection Examples Grid.png,"183,1047,320,1144"
packaging_dataset/inspection_examples/fnsku_placement/r09_c03.jpg,inspection_examples,9,example_09,3,fnsku_placement,inspection_examples/fnsku_placement,Packaging Inspection Examples Grid.png,"324,1047,462,1144"
packaging_dataset/inspection_examples/original_barcode_coverage/r09_c04.jpg,inspection_examples,9,example_09,4,original_barcode_coverage,inspection_examples/original_barcode_coverage,Packaging Inspection Examples Grid.png,"466,1047,603,1144"
packaging_dataset/inspection_examples/expiry_date/r09_c05.jpg,inspection_examples,9,example_09,5,expiry_date,inspection_examples/expiry_date,Packaging Inspection Examples Grid.png,"607,1047,744,1144"
packaging_dataset/inspection_examples/handling_marks/r09_c06.jpg,inspection_examples,9,example_09,6,handling_marks,inspection_examples/handling_marks,Packaging Inspection Examples Grid.png,"748,1047,885,1144"
packaging_dataset/inspection_examples/barcode_scanability/r09_c07.jpg,inspection_examples,9,example_09,7,barcode_scanability,inspection_examples/barcode_scanability,Packaging Inspection Examples Grid.png,"889,1047,1027,1144"
packaging_dataset/inspection_examples/sku_product_match/r09_c08.jpg,inspection_examples,9,example_09,8,sku_product_match,inspection_examples/sku_product_match,Packaging Inspection Examples Grid.png,"1031,1047,1168,1144"
packaging_dataset/inspection_examples/mixed_scenario/r09_c09.jpg,inspection_examples,9,example_09,9,mixed_scenario,inspection_examples/mixed_scenario,Packaging Inspection Examples Grid.png,"1172,1047,1309,1144"
packaging_dataset/packaged_products/r01_c01.jpg,packaged_products,1,row_01,1,product_01,packaged_products,Grid of Packaged Products.png,"2,2,144,131"
packaging_dataset/packaged_products/r01_c02.jpg,packaged_products,1,row_01,2,product_02,packaged_products,Grid of Packaged Products.png,"148,2,290,131"
packaging_dataset/packaged_products/r01_c03.jpg,packaged_products,1,row_01,3,product_03,packaged_products,Grid of Packaged Products.png,"294,2,435,131"
packaging_dataset/packaged_products/r01_c04.jpg,packaged_products,1,row_01,4,product_04,packaged_products,Grid of Packaged Products.png,"439,2,581,131"
packaging_dataset/packaged_products/r01_c05.jpg,packaged_products,1,row_01,5,product_05,packaged_products,Grid of Packaged Products.png,"585,2,727,131"
packaging_dataset/packaged_products/r01_c06.jpg,packaged_products,1,row_01,6,product_06,packaged_products,Grid of Packaged Products.png,"731,2,873,131"
packaging_dataset/packaged_products/r01_c07.jpg,packaged_products,1,row_01,7,product_07,packaged_products,Grid of Packaged Products.png,"877,2,1018,131"
packaging_dataset/packaged_products/r01_c08.jpg,packaged_products,1,row_01,8,product_08,packaged_products,Grid of Packaged Products.png,"1022,2,1164,131"
packaging_dataset/packaged_products/r01_c09.jpg,packaged_products,1,row_01,9,product_09,packaged_products,Grid of Packaged Products.png,"1168,2,1310,131"
packaging_dataset/packaged_products/r02_c01.jpg,packaged_products,2,row_02,1,product_01,packaged_products,Grid of Packaged Products.png,"2,135,144,264"
packaging_dataset/packaged_products/r02_c02.jpg,packaged_products,2,row_02,2,product_02,packaged_products,Grid of Packaged Products.png,"148,135,290,264"
packaging_dataset/packaged_products/r02_c03.jpg,packaged_products,2,row_02,3,product_03,packaged_products,Grid of Packaged Products.png,"294,135,435,264"
packaging_dataset/packaged_products/r02_c04.jpg,packaged_products,2,row_02,4,product_04,packaged_products,Grid of Packaged Products.png,"439,135,581,264"
packaging_dataset/packaged_products/r02_c05.jpg,packaged_products,2,row_02,5,product_05,packaged_products,Grid of Packaged Products.png,"585,135,727,264"
packaging_dataset/packaged_products/r02_c06.jpg,packaged_products,2,row_02,6,product_06,packaged_products,Grid of Packaged Products.png,"731,135,873,264"
packaging_dataset/packaged_products/r02_c07.jpg,packaged_products,2,row_02,7,product_07,packaged_products,Grid of Packaged Products.png,"877,135,1018,264"
packaging_dataset/packaged_products/r02_c08.jpg,packaged_products,2,row_02,8,product_08,packaged_products,Grid of Packaged Products.png,"1022,135,1164,264"
packaging_dataset/packaged_products/r02_c09.jpg,packaged_products,2,row_02,9,product_09,packaged_products,Grid of Packaged Products.png,"1168,135,1310,264"
packaging_dataset/packaged_products/r03_c01.jpg,packaged_products,3,row_03,1,product_01,packaged_products,Grid of Packaged Products.png,"2,268,144,398"
packaging_dataset/packaged_products/r03_c02.jpg,packaged_products,3,row_03,2,product_02,packaged_products,Grid of Packaged Products.png,"148,268,290,398"
packaging_dataset/packaged_products/r03_c03.jpg,packaged_products,3,row_03,3,product_03,packaged_products,Grid of Packaged Products.png,"294,268,435,398"
packaging_dataset/packaged_products/r03_c04.jpg,packaged_products,3,row_03,4,product_04,packaged_products,Grid of Packaged Products.png,"439,268,581,398"
packaging_dataset/packaged_products/r03_c05.jpg,packaged_products,3,row_03,5,product_05,packaged_products,Grid of Packaged Products.png,"585,268,727,398"
packaging_dataset/packaged_products/r03_c06.jpg,packaged_products,3,row_03,6,product_06,packaged_products,Grid of Packaged Products.png,"731,268,873,398"
packaging_dataset/packaged_products/r03_c07.jpg,packaged_products,3,row_03,7,product_07,packaged_products,Grid of Packaged Products.png,"877,268,1018,398"
packaging_dataset/packaged_products/r03_c08.jpg,packaged_products,3,row_03,8,product_08,packaged_products,Grid of Packaged Products.png,"1022,268,1164,398"
packaging_dataset/packaged_products/r03_c09.jpg,packaged_products,3,row_03,9,product_09,packaged_products,Grid of Packaged Products.png,"1168,268,1310,398"
packaging_dataset/packaged_products/r04_c01.jpg,packaged_products,4,row_04,1,product_01,packaged_products,Grid of Packaged Products.png,"2,402,144,531"
packaging_dataset/packaged_products/r04_c02.jpg,packaged_products,4,row_04,2,product_02,packaged_products,Grid of Packaged Products.png,"148,402,290,531"
packaging_dataset/packaged_products/r04_c03.jpg,packaged_products,4,row_04,3,product_03,packaged_products,Grid of Packaged Products.png,"294,402,435,531"
packaging_dataset/packaged_products/r04_c04.jpg,packaged_products,4,row_04,4,product_04,packaged_products,Grid of Packaged Products.png,"439,402,581,531"
packaging_dataset/packaged_products/r04_c05.jpg,packaged_products,4,row_04,5,product_05,packaged_products,Grid of Packaged Products.png,"585,402,727,531"
packaging_dataset/packaged_products/r04_c06.jpg,packaged_products,4,row_04,6,product_06,packaged_products,Grid of Packaged Products.png,"731,402,873,531"
packaging_dataset/packaged_products/r04_c07.jpg,packaged_products,4,row_04,7,product_07,packaged_products,Grid of Packaged Products.png,"877,402,1018,531"
packaging_dataset/packaged_products/r04_c08.jpg,packaged_products,4,row_04,8,product_08,packaged_products,Grid of Packaged Products.png,"1022,402,1164,531"
packaging_dataset/packaged_products/r04_c09.jpg,packaged_products,4,row_04,9,product_09,packaged_products,Grid of Packaged Products.png,"1168,402,1310,531"
packaging_dataset/packaged_products/r05_c01.jpg,packaged_products,5,row_05,1,product_01,packaged_products,Grid of Packaged Products.png,"2,535,144,664"
packaging_dataset/packaged_products/r05_c02.jpg,packaged_products,5,row_05,2,product_02,packaged_products,Grid of Packaged Products.png,"148,535,290,664"
packaging_dataset/packaged_products/r05_c03.jpg,packaged_products,5,row_05,3,product_03,packaged_products,Grid of Packaged Products.png,"294,535,435,664"
packaging_dataset/packaged_products/r05_c04.jpg,packaged_products,5,row_05,4,product_04,packaged_products,Grid of Packaged Products.png,"439,535,581,664"
packaging_dataset/packaged_products/r05_c05.jpg,packaged_products,5,row_05,5,product_05,packaged_products,Grid of Packaged Products.png,"585,535,727,664"
packaging_dataset/packaged_products/r05_c06.jpg,packaged_products,5,row_05,6,product_06,packaged_products,Grid of Packaged Products.png,"731,535,873,664"
packaging_dataset/packaged_products/r05_c07.jpg,packaged_products,5,row_05,7,product_07,packaged_products,Grid of Packaged Products.png,"877,535,1018,664"
packaging_dataset/packaged_products/r05_c08.jpg,packaged_products,5,row_05,8,product_08,packaged_products,Grid of Packaged Products.png,"1022,535,1164,664"
packaging_dataset/packaged_products/r05_c09.jpg,packaged_products,5,row_05,9,product_09,packaged_products,Grid of Packaged Products.png,"1168,535,1310,664"
packaging_dataset/packaged_products/r06_c01.jpg,packaged_products,6,row_06,1,product_01,packaged_products,Grid of Packaged Products.png,"2,668,144,797"
packaging_dataset/packaged_products/r06_c02.jpg,packaged_products,6,row_06,2,product_02,packaged_products,Grid of Packaged Products.png,"148,668,290,797"
packaging_dataset/packaged_products/r06_c03.jpg,packaged_products,6,row_06,3,product_03,packaged_products,Grid of Packaged Products.png,"294,668,435,797"
packaging_dataset/packaged_products/r06_c04.jpg,packaged_products,6,row_06,4,product_04,packaged_products,Grid of Packaged Products.png,"439,668,581,797"
packaging_dataset/packaged_products/r06_c05.jpg,packaged_products,6,row_06,5,product_05,packaged_products,Grid of Packaged Products.png,"585,668,727,797"
packaging_dataset/packaged_products/r06_c06.jpg,packaged_products,6,row_06,6,product_06,packaged_products,Grid of Packaged Products.png,"731,668,873,797"
packaging_dataset/packaged_products/r06_c07.jpg,packaged_products,6,row_06,7,product_07,packaged_products,Grid of Packaged Products.png,"877,668,1018,797"
packaging_dataset/packaged_products/r06_c08.jpg,packaged_products,6,row_06,8,product_08,packaged_products,Grid of Packaged Products.png,"1022,668,1164,797"
packaging_dataset/packaged_products/r06_c09.jpg,packaged_products,6,row_06,9,product_09,packaged_products,Grid of Packaged Products.png,"1168,668,1310,797"
packaging_dataset/packaged_products/r07_c01.jpg,packaged_products,7,row_07,1,product_01,packaged_products,Grid of Packaged Products.png,"2,801,144,931"
packaging_dataset/packaged_products/r07_c02.jpg,packaged_products,7,row_07,2,product_02,packaged_products,Grid of Packaged Products.png,"148,801,290,931"
packaging_dataset/packaged_products/r07_c03.jpg,packaged_products,7,row_07,3,product_03,packaged_products,Grid of Packaged Products.png,"294,801,435,931"
packaging_dataset/packaged_products/r07_c04.jpg,packaged_products,7,row_07,4,product_04,packaged_products,Grid of Packaged Products.png,"439,801,581,931"
packaging_dataset/packaged_products/r07_c05.jpg,packaged_products,7,row_07,5,product_05,packaged_products,Grid of Packaged Products.png,"585,801,727,931"
packaging_dataset/packaged_products/r07_c06.jpg,packaged_products,7,row_07,6,product_06,packaged_products,Grid of Packaged Products.png,"731,801,873,931"
packaging_dataset/packaged_products/r07_c07.jpg,packaged_products,7,row_07,7,product_07,packaged_products,Grid of Packaged Products.png,"877,801,1018,931"
packaging_dataset/packaged_products/r07_c08.jpg,packaged_products,7,row_07,8,product_08,packaged_products,Grid of Packaged Products.png,"1022,801,1164,931"
packaging_dataset/packaged_products/r07_c09.jpg,packaged_products,7,row_07,9,product_09,packaged_products,Grid of Packaged Products.png,"1168,801,1310,931"
packaging_dataset/packaged_products/r08_c01.jpg,packaged_products,8,row_08,1,product_01,packaged_products,Grid of Packaged Products.png,"2,935,144,1064"
packaging_dataset/packaged_products/r08_c02.jpg,packaged_products,8,row_08,2,product_02,packaged_products,Grid of Packaged Products.png,"148,935,290,1064"
packaging_dataset/packaged_products/r08_c03.jpg,packaged_products,8,row_08,3,product_03,packaged_products,Grid of Packaged Products.png,"294,935,435,1064"
packaging_dataset/packaged_products/r08_c04.jpg,packaged_products,8,row_08,4,product_04,packaged_products,Grid of Packaged Products.png,"439,935,581,1064"
packaging_dataset/packaged_products/r08_c05.jpg,packaged_products,8,row_08,5,product_05,packaged_products,Grid of Packaged Products.png,"585,935,727,1064"
packaging_dataset/packaged_products/r08_c06.jpg,packaged_products,8,row_08,6,product_06,packaged_products,Grid of Packaged Products.png,"731,935,873,1064"
packaging_dataset/packaged_products/r08_c07.jpg,packaged_products,8,row_08,7,product_07,packaged_products,Grid of Packaged Products.png,"877,935,1018,1064"
packaging_dataset/packaged_products/r08_c08.jpg,packaged_products,8,row_08,8,product_08,packaged_products,Grid of Packaged Products.png,"1022,935,1164,1064"
packaging_dataset/packaged_products/r08_c09.jpg,packaged_products,8,row_08,9,product_09,packaged_products,Grid of Packaged Products.png,"1168,935,1310,1064"
packaging_dataset/packaged_products/r09_c01.jpg,packaged_products,9,row_09,1,product_01,packaged_products,Grid of Packaged Products.png,"2,1068,144,1197"
packaging_dataset/packaged_products/r09_c02.jpg,packaged_products,9,row_09,2,product_02,packaged_products,Grid of Packaged Products.png,"148,1068,290,1197"
packaging_dataset/packaged_products/r09_c03.jpg,packaged_products,9,row_09,3,product_03,packaged_products,Grid of Packaged Products.png,"294,1068,435,1197"
packaging_dataset/packaged_products/r09_c04.jpg,packaged_products,9,row_09,4,product_04,packaged_products,Grid of Packaged Products.png,"439,1068,581,1197"
packaging_dataset/packaged_products/r09_c05.jpg,packaged_products,9,row_09,5,product_05,packaged_products,Grid of Packaged Products.png,"585,1068,727,1197"
packaging_dataset/packaged_products/r09_c06.jpg,packaged_products,9,row_09,6,product_06,packaged_products,Grid of Packaged Products.png,"731,1068,873,1197"
packaging_dataset/packaged_products/r09_c07.jpg,packaged_products,9,row_09,7,product_07,packaged_products,Grid of Packaged Products.png,"877,1068,1018,1197"
packaging_dataset/packaged_products/r09_c08.jpg,packaged_products,9,row_09,8,product_08,packaged_products,Grid of Packaged Products.png,"1022,1068,1164,1197"
packaging_dataset/packaged_products/r09_c09.jpg,packaged_products,9,row_09,9,product_09,packaged_products,Grid of Packaged Products.png,"1168,1068,1310,1197"
