unit_id,split,scenario,product_category,fnsku,polybag_present_sealed,suffocation_warning,fnsku_label_placement,original_barcode_covered,expiry_date,handling_marks,expected_overall_status,expected_issue_explanation,front_image,back_image,label_image
UNIT-0001,train,correct_preparation,electronics,X00CUBE0001,not_required,not_required,flat,yes,not_required,all_present,PASS,All applicable visual preparation checks are supported by the available evidence.,images/UNIT-0001_front.jpg,images/UNIT-0001_back.jpg,images/UNIT-0001_label.jpg
UNIT-0002,train,correct_preparation,toys,X00CUBE0002,yes,legible,flat,yes,not_required,all_present,PASS,All applicable visual preparation checks are supported by the available evidence.,images/UNIT-0002_front.jpg,images/UNIT-0002_back.jpg,images/UNIT-0002_label.jpg
UNIT-0003,train,fnsku_on_seam,kitchen,X00CUBE0003,not_required,not_required,on_seam,yes,not_required,all_present,FAIL,FNSKU label overlaps a package seam.,images/UNIT-0003_front.jpg,images/UNIT-0003_back.jpg,images/UNIT-0003_label.jpg
UNIT-0004,train,ambiguous_fnsku,home,X00CUBE0004,not_required,not_required,uncertain,yes,not_required,all_present,UNCERTAIN,Imagery does not reliably establish FNSKU placement.,images/UNIT-0004_front.jpg,images/UNIT-0004_back.jpg,images/UNIT-0004_label.jpg
UNIT-0005,train,correct_preparation,electronics,X00CUBE0005,not_required,not_required,flat,yes,not_required,all_present,PASS,All applicable visual preparation checks are supported by the available evidence.,images/UNIT-0005_front.jpg,images/UNIT-0005_back.jpg,images/UNIT-0005_label.jpg
UNIT-0006,train,ambiguous_fnsku,home,X00CUBE0006,not_required,not_required,uncertain,yes,not_required,not_required,UNCERTAIN,Imagery does not reliably establish FNSKU placement.,images/UNIT-0006_front.jpg,images/UNIT-0006_back.jpg,images/UNIT-0006_label.jpg
UNIT-0007,train,multi_failure,pet,X00CUBE0007,not_sealed,obscured_by_fold,on_edge,no,not_required,some_missing,FAIL,Polybag is present but the closure/seal is not correctly closed. Suffocation warning is present but obscured by a fold. FNSKU label is placed across/too close to a package edge. Original manufacturer barcode remains visible. One or more required handling marks are missing.,images/UNIT-0007_front.jpg,images/UNIT-0007_back.jpg,images/UNIT-0007_label.jpg
UNIT-0008,train,original_barcode_visible,home,X00CUBE0008,not_required,not_required,flat,no,not_required,all_present,FAIL,Original manufacturer barcode remains visible.,images/UNIT-0008_front.jpg,images/UNIT-0008_back.jpg,images/UNIT-0008_label.jpg
UNIT-0009,train,polybag_not_sealed,beauty,X00CUBE0009,not_sealed,legible,flat,yes,legible,all_present,FAIL,Polybag is present but the closure/seal is not correctly closed.,images/UNIT-0009_front.jpg,images/UNIT-0009_back.jpg,images/UNIT-0009_label.jpg
UNIT-0010,train,ambiguous_warning,food,X00CUBE0010,not_required,uncertain,flat,yes,legible,all_present,UNCERTAIN,Imagery does not reliably establish warning visibility or legibility.,images/UNIT-0010_front.jpg,images/UNIT-0010_back.jpg,images/UNIT-0010_label.jpg
UNIT-0011,train,missing_polybag,electronics,X00CUBE0011,missing,legible,flat,yes,not_required,all_present,FAIL,Polybag is required but no polybag is visible.,images/UNIT-0011_front.jpg,images/UNIT-0011_back.jpg,images/UNIT-0011_label.jpg
UNIT-0012,train,ambiguous_barcode,toys,X00CUBE0012,yes,legible,flat,uncertain,not_required,not_required,UNCERTAIN,Imagery does not reliably establish whether the original barcode is covered.,images/UNIT-0012_front.jpg,images/UNIT-0012_back.jpg,images/UNIT-0012_label.jpg
UNIT-0013,train,ambiguous_barcode,kitchen,X00CUBE0013,not_required,not_required,flat,uncertain,not_required,all_present,UNCERTAIN,Imagery does not reliably establish whether the original barcode is covered.,images/UNIT-0013_front.jpg,images/UNIT-0013_back.jpg,images/UNIT-0013_label.jpg
UNIT-0014,train,correct_preparation,home,X00CUBE0014,not_required,not_required,flat,yes,not_required,all_present,PASS,All applicable visual preparation checks are supported by the available evidence.,images/UNIT-0014_front.jpg,images/UNIT-0014_back.jpg,images/UNIT-0014_label.jpg
UNIT-0015,train,correct_preparation,electronics,X00CUBE0015,not_required,not_required,flat,yes,not_required,all_present,PASS,All applicable visual preparation checks are supported by the available evidence.,images/UNIT-0015_front.jpg,images/UNIT-0015_back.jpg,images/UNIT-0015_label.jpg
UNIT-0016,train,multi_failure,home,X00CUBE0016,not_required,not_required,on_edge,no,not_required,some_missing,FAIL,FNSKU label is placed across/too close to a package edge. Original manufacturer barcode remains visible. One or more required handling marks are missing.,images/UNIT-0016_front.jpg,images/UNIT-0016_back.jpg,images/UNIT-0016_label.jpg
UNIT-0017,train,correct_preparation,pet,X00CUBE0017,yes,legible,flat,yes,not_required,all_present,PASS,All applicable visual preparation checks are supported by the available evidence.,images/UNIT-0017_front.jpg,images/UNIT-0017_back.jpg,images/UNIT-0017_label.jpg
UNIT-0018,train,missing_polybag,home,X00CUBE0018,missing,legible,flat,yes,not_required,not_required,FAIL,Polybag is required but no polybag is visible.,images/UNIT-0018_front.jpg,images/UNIT-0018_back.jpg,images/UNIT-0018_label.jpg
UNIT-0019,train,correct_preparation,beauty,X00CUBE0019,yes,legible,flat,yes,legible,all_present,PASS,All applicable visual preparation checks are supported by the available evidence.,images/UNIT-0019_front.jpg,images/UNIT-0019_back.jpg,images/UNIT-0019_label.jpg
UNIT-0020,train,ambiguous_warning,food,X00CUBE0020,not_required,uncertain,flat,yes,legible,all_present,UNCERTAIN,Imagery does not reliably establish warning visibility or legibility.,images/UNIT-0020_front.jpg,images/UNIT-0020_back.jpg,images/UNIT-0020_label.jpg
UNIT-0021,train,fnsku_on_edge,electronics,X00CUBE0021,not_required,not_required,on_edge,yes,not_required,all_present,FAIL,FNSKU label is placed across/too close to a package edge.,images/UNIT-0021_front.jpg,images/UNIT-0021_back.jpg,images/UNIT-0021_label.jpg
UNIT-0022,train,missing_polybag,toys,X00CUBE0022,missing,legible,flat,yes,not_required,all_present,FAIL,Polybag is required but no polybag is visible.,images/UNIT-0022_front.jpg,images/UNIT-0022_back.jpg,images/UNIT-0022_label.jpg
UNIT-0023,train,expiry_illegible,kitchen,X00CUBE0023,not_required,not_required,flat,yes,illegible_after_wrap,all_present,FAIL,Expiry information is not legible after wrapping.,images/UNIT-0023_front.jpg,images/UNIT-0023_back.jpg,images/UNIT-0023_label.jpg
UNIT-0024,train,fnsku_on_edge,home,X00CUBE0024,not_required,not_required,on_edge,yes,not_required,not_required,FAIL,FNSKU label is placed across/too close to a package edge.,images/UNIT-0024_front.jpg,images/UNIT-0024_back.jpg,images/UNIT-0024_label.jpg
UNIT-0025,train,correct_preparation,electronics,X00CUBE0025,not_required,not_required,flat,yes,not_required,all_present,PASS,All applicable visual preparation checks are supported by the available evidence.,images/UNIT-0025_front.jpg,images/UNIT-0025_back.jpg,images/UNIT-0025_label.jpg
UNIT-0026,train,handling_mark_missing,home,X00CUBE0026,not_required,not_required,flat,yes,not_required,some_missing,FAIL,One or more required handling marks are missing.,images/UNIT-0026_front.jpg,images/UNIT-0026_back.jpg,images/UNIT-0026_label.jpg
UNIT-0027,train,original_barcode_visible,pet,X00CUBE0027,yes,legible,flat,no,not_required,all_present,FAIL,Original manufacturer barcode remains visible.,images/UNIT-0027_front.jpg,images/UNIT-0027_back.jpg,images/UNIT-0027_label.jpg
UNIT-0028,train,fnsku_on_edge,home,X00CUBE0028,not_required,not_required,on_edge,yes,not_required,all_present,FAIL,FNSKU label is placed across/too close to a package edge.,images/UNIT-0028_front.jpg,images/UNIT-0028_back.jpg,images/UNIT-0028_label.jpg
UNIT-0029,train,obscured_warning,beauty,X00CUBE0029,yes,obscured_by_fold,flat,yes,legible,all_present,FAIL,Suffocation warning is present but obscured by a fold.,images/UNIT-0029_front.jpg,images/UNIT-0029_back.jpg,images/UNIT-0029_label.jpg
UNIT-0030,train,expiry_obscured,food,X00CUBE0030,not_required,not_required,flat,yes,illegible_after_wrap,all_present,FAIL,Expiry information is not legible after wrapping.,images/UNIT-0030_front.jpg,images/UNIT-0030_back.jpg,images/UNIT-0030_label.jpg
UNIT-0031,train,obscured_warning,electronics,X00CUBE0031,not_required,obscured_by_fold,flat,yes,not_required,all_present,FAIL,Suffocation warning is present but obscured by a fold.,images/UNIT-0031_front.jpg,images/UNIT-0031_back.jpg,images/UNIT-0031_label.jpg
UNIT-0032,train,correct_preparation,toys,X00CUBE0032,yes,legible,flat,yes,not_required,all_present,PASS,All applicable visual preparation checks are supported by the available evidence.,images/UNIT-0032_front.jpg,images/UNIT-0032_back.jpg,images/UNIT-0032_label.jpg
UNIT-0033,train,ambiguous_expiry,kitchen,X00CUBE0033,not_required,not_required,flat,yes,uncertain,all_present,UNCERTAIN,Imagery does not reliably establish expiry-date legibility.,images/UNIT-0033_front.jpg,images/UNIT-0033_back.jpg,images/UNIT-0033_label.jpg
UNIT-0034,train,fnsku_on_seam,home,X00CUBE0034,not_required,not_required,on_seam,yes,not_required,all_present,FAIL,FNSKU label overlaps a package seam.,images/UNIT-0034_front.jpg,images/UNIT-0034_back.jpg,images/UNIT-0034_label.jpg
UNIT-0035,train,obscured_warning,electronics,X00CUBE0035,not_required,obscured_by_fold,flat,yes,not_required,all_present,FAIL,Suffocation warning is present but obscured by a fold.,images/UNIT-0035_front.jpg,images/UNIT-0035_back.jpg,images/UNIT-0035_label.jpg
UNIT-0036,train,multi_failure,home,X00CUBE0036,not_required,not_required,on_edge,no,not_required,not_required,FAIL,FNSKU label is placed across/too close to a package edge. Original manufacturer barcode remains visible.,images/UNIT-0036_front.jpg,images/UNIT-0036_back.jpg,images/UNIT-0036_label.jpg
UNIT-0037,train,obscured_warning,pet,X00CUBE0037,yes,obscured_by_fold,flat,yes,not_required,all_present,FAIL,Suffocation warning is present but obscured by a fold.,images/UNIT-0037_front.jpg,images/UNIT-0037_back.jpg,images/UNIT-0037_label.jpg
UNIT-0038,train,correct_preparation,home,X00CUBE0038,not_required,not_required,flat,yes,not_required,all_present,PASS,All applicable visual preparation checks are supported by the available evidence.,images/UNIT-0038_front.jpg,images/UNIT-0038_back.jpg,images/UNIT-0038_label.jpg
UNIT-0039,train,expiry_obscured,beauty,X00CUBE0039,yes,legible,flat,yes,illegible_after_wrap,all_present,FAIL,Expiry information is not legible after wrapping.,images/UNIT-0039_front.jpg,images/UNIT-0039_back.jpg,images/UNIT-0039_label.jpg
UNIT-0040,train,original_barcode_visible,food,X00CUBE0040,not_required,not_required,flat,no,legible,all_present,FAIL,Original manufacturer barcode remains visible.,images/UNIT-0040_front.jpg,images/UNIT-0040_back.jpg,images/UNIT-0040_label.jpg
UNIT-0041,train,fnsku_missing,electronics,X00CUBE0041,not_required,not_required,missing,yes,not_required,all_present,FAIL,Required FNSKU label is not visible.,images/UNIT-0041_front.jpg,images/UNIT-0041_back.jpg,images/UNIT-0041_label.jpg
UNIT-0042,train,correct_preparation,toys,X00CUBE0042,yes,legible,flat,yes,not_required,not_required,PASS,All applicable visual preparation checks are supported by the available evidence.,images/UNIT-0042_front.jpg,images/UNIT-0042_back.jpg,images/UNIT-0042_label.jpg
UNIT-0043,train,expiry_obscured,kitchen,X00CUBE0043,not_required,not_required,flat,yes,illegible_after_wrap,all_present,FAIL,Expiry information is not legible after wrapping.,images/UNIT-0043_front.jpg,images/UNIT-0043_back.jpg,images/UNIT-0043_label.jpg
UNIT-0044,train,ambiguous_polybag,home,X00CUBE0044,uncertain,legible,flat,yes,not_required,all_present,UNCERTAIN,Imagery does not reliably establish polybag presence or sealing.,images/UNIT-0044_front.jpg,images/UNIT-0044_back.jpg,images/UNIT-0044_label.jpg
UNIT-0045,train,fnsku_on_curve,electronics,X00CUBE0045,not_required,not_required,on_curve,yes,not_required,all_present,FAIL,FNSKU label is placed on a curved surface.,images/UNIT-0045_front.jpg,images/UNIT-0045_back.jpg,images/UNIT-0045_label.jpg
UNIT-0046,train,multi_failure,home,X00CUBE0046,not_required,not_required,on_edge,no,not_required,some_missing,FAIL,FNSKU label is placed across/too close to a package edge. Original manufacturer barcode remains visible. One or more required handling marks are missing.,images/UNIT-0046_front.jpg,images/UNIT-0046_back.jpg,images/UNIT-0046_label.jpg
UNIT-0047,train,ambiguous_handling,pet,X00CUBE0047,yes,legible,flat,yes,not_required,uncertain,UNCERTAIN,Imagery does not reliably establish all required handling marks.,images/UNIT-0047_front.jpg,images/UNIT-0047_back.jpg,images/UNIT-0047_label.jpg
UNIT-0048,train,correct_preparation,home,X00CUBE0048,not_required,not_required,flat,yes,not_required,not_required,PASS,All applicable visual preparation checks are supported by the available evidence.,images/UNIT-0048_front.jpg,images/UNIT-0048_back.jpg,images/UNIT-0048_label.jpg
UNIT-0049,train,fnsku_missing,beauty,X00CUBE0049,yes,legible,missing,yes,legible,all_present,FAIL,Required FNSKU label is not visible.,images/UNIT-0049_front.jpg,images/UNIT-0049_back.jpg,images/UNIT-0049_label.jpg
UNIT-0050,train,fnsku_on_edge,food,X00CUBE0050,not_required,not_required,on_edge,yes,legible,all_present,FAIL,FNSKU label is placed across/too close to a package edge.,images/UNIT-0050_front.jpg,images/UNIT-0050_back.jpg,images/UNIT-0050_label.jpg
UNIT-0051,train,ambiguous_polybag,electronics,X00CUBE0051,uncertain,legible,flat,yes,not_required,all_present,UNCERTAIN,Imagery does not reliably establish polybag presence or sealing.,images/UNIT-0051_front.jpg,images/UNIT-0051_back.jpg,images/UNIT-0051_label.jpg
UNIT-0052,train,correct_preparation,toys,X00CUBE0052,yes,legible,flat,yes,not_required,all_present,PASS,All applicable visual preparation checks are supported by the available evidence.,images/UNIT-0052_front.jpg,images/UNIT-0052_back.jpg,images/UNIT-0052_label.jpg
UNIT-0053,train,correct_preparation,kitchen,X00CUBE0053,not_required,not_required,flat,yes,not_required,all_present,PASS,All applicable visual preparation checks are supported by the available evidence.,images/UNIT-0053_front.jpg,images/UNIT-0053_back.jpg,images/UNIT-0053_label.jpg
UNIT-0054,train,expiry_illegible,home,X00CUBE0054,not_required,not_required,flat,yes,illegible_after_wrap,not_required,FAIL,Expiry information is not legible after wrapping.,images/UNIT-0054_front.jpg,images/UNIT-0054_back.jpg,images/UNIT-0054_label.jpg
UNIT-0055,train,multi_failure,electronics,X00CUBE0055,not_required,not_required,on_edge,no,not_required,some_missing,FAIL,FNSKU label is placed across/too close to a package edge. Original manufacturer barcode remains visible. One or more required handling marks are missing.,images/UNIT-0055_front.jpg,images/UNIT-0055_back.jpg,images/UNIT-0055_label.jpg
UNIT-0056,train,obscured_warning,home,X00CUBE0056,not_required,obscured_by_fold,flat,yes,not_required,all_present,FAIL,Suffocation warning is present but obscured by a fold.,images/UNIT-0056_front.jpg,images/UNIT-0056_back.jpg,images/UNIT-0056_label.jpg
UNIT-0057,train,ambiguous_polybag,pet,X00CUBE0057,uncertain,legible,flat,yes,not_required,all_present,UNCERTAIN,Imagery does not reliably establish polybag presence or sealing.,images/UNIT-0057_front.jpg,images/UNIT-0057_back.jpg,images/UNIT-0057_label.jpg
UNIT-0058,train,polybag_not_sealed,home,X00CUBE0058,not_sealed,legible,flat,yes,not_required,all_present,FAIL,Polybag is present but the closure/seal is not correctly closed.,images/UNIT-0058_front.jpg,images/UNIT-0058_back.jpg,images/UNIT-0058_label.jpg
UNIT-0059,train,expiry_illegible,beauty,X00CUBE0059,yes,legible,flat,yes,illegible_after_wrap,all_present,FAIL,Expiry information is not legible after wrapping.,images/UNIT-0059_front.jpg,images/UNIT-0059_back.jpg,images/UNIT-0059_label.jpg
UNIT-0060,train,original_barcode_visible,food,X00CUBE0060,not_required,not_required,flat,no,legible,all_present,FAIL,Original manufacturer barcode remains visible.,images/UNIT-0060_front.jpg,images/UNIT-0060_back.jpg,images/UNIT-0060_label.jpg
UNIT-0061,train,fnsku_on_edge,electronics,X00CUBE0061,not_required,not_required,on_edge,yes,not_required,all_present,FAIL,FNSKU label is placed across/too close to a package edge.,images/UNIT-0061_front.jpg,images/UNIT-0061_back.jpg,images/UNIT-0061_label.jpg
UNIT-0062,train,fnsku_on_seam,toys,X00CUBE0062,yes,legible,on_seam,yes,not_required,all_present,FAIL,FNSKU label overlaps a package seam.,images/UNIT-0062_front.jpg,images/UNIT-0062_back.jpg,images/UNIT-0062_label.jpg
UNIT-0063,train,handling_mark_missing,kitchen,X00CUBE0063,not_required,not_required,flat,yes,not_required,some_missing,FAIL,One or more required handling marks are missing.,images/UNIT-0063_front.jpg,images/UNIT-0063_back.jpg,images/UNIT-0063_label.jpg
UNIT-0064,train,fnsku_on_curve,home,X00CUBE0064,not_required,not_required,on_curve,yes,not_required,all_present,FAIL,FNSKU label is placed on a curved surface.,images/UNIT-0064_front.jpg,images/UNIT-0064_back.jpg,images/UNIT-0064_label.jpg
UNIT-0065,train,multi_failure,electronics,X00CUBE0065,not_required,not_required,on_edge,no,not_required,some_missing,FAIL,FNSKU label is placed across/too close to a package edge. Original manufacturer barcode remains visible. One or more required handling marks are missing.,images/UNIT-0065_front.jpg,images/UNIT-0065_back.jpg,images/UNIT-0065_label.jpg
UNIT-0066,train,ambiguous_warning,home,X00CUBE0066,not_required,uncertain,flat,yes,not_required,not_required,UNCERTAIN,Imagery does not reliably establish warning visibility or legibility.,images/UNIT-0066_front.jpg,images/UNIT-0066_back.jpg,images/UNIT-0066_label.jpg
UNIT-0067,train,fnsku_missing,pet,X00CUBE0067,yes,legible,missing,yes,not_required,all_present,FAIL,Required FNSKU label is not visible.,images/UNIT-0067_front.jpg,images/UNIT-0067_back.jpg,images/UNIT-0067_label.jpg
UNIT-0068,train,original_barcode_visible,home,X00CUBE0068,not_required,not_required,flat,no,not_required,all_present,FAIL,Original manufacturer barcode remains visible.,images/UNIT-0068_front.jpg,images/UNIT-0068_back.jpg,images/UNIT-0068_label.jpg
UNIT-0069,train,missing_warning,beauty,X00CUBE0069,yes,missing,flat,yes,legible,all_present,FAIL,Required suffocation warning is not visible.,images/UNIT-0069_front.jpg,images/UNIT-0069_back.jpg,images/UNIT-0069_label.jpg
UNIT-0070,train,missing_warning,food,X00CUBE0070,not_required,missing,flat,yes,legible,all_present,FAIL,Required suffocation warning is not visible.,images/UNIT-0070_front.jpg,images/UNIT-0070_back.jpg,images/UNIT-0070_label.jpg
UNIT-0071,validation,polybag_not_sealed,electronics,X00CUBE0071,not_sealed,legible,flat,yes,not_required,all_present,FAIL,Polybag is present but the closure/seal is not correctly closed.,images/UNIT-0071_front.jpg,images/UNIT-0071_back.jpg,images/UNIT-0071_label.jpg
UNIT-0072,validation,correct_preparation,toys,X00CUBE0072,yes,legible,flat,yes,not_required,not_required,PASS,All applicable visual preparation checks are supported by the available evidence.,images/UNIT-0072_front.jpg,images/UNIT-0072_back.jpg,images/UNIT-0072_label.jpg
UNIT-0073,validation,fnsku_on_seam,kitchen,X00CUBE0073,not_required,not_required,on_seam,yes,not_required,all_present,FAIL,FNSKU label overlaps a package seam.,images/UNIT-0073_front.jpg,images/UNIT-0073_back.jpg,images/UNIT-0073_label.jpg
UNIT-0074,validation,polybag_not_sealed,home,X00CUBE0074,not_sealed,legible,flat,yes,not_required,all_present,FAIL,Polybag is present but the closure/seal is not correctly closed.,images/UNIT-0074_front.jpg,images/UNIT-0074_back.jpg,images/UNIT-0074_label.jpg
UNIT-0075,validation,ambiguous_handling,electronics,X00CUBE0075,not_required,not_required,flat,yes,not_required,uncertain,UNCERTAIN,Imagery does not reliably establish all required handling marks.,images/UNIT-0075_front.jpg,images/UNIT-0075_back.jpg,images/UNIT-0075_label.jpg
UNIT-0076,validation,missing_warning,home,X00CUBE0076,not_required,missing,flat,yes,not_required,all_present,FAIL,Required suffocation warning is not visible.,images/UNIT-0076_front.jpg,images/UNIT-0076_back.jpg,images/UNIT-0076_label.jpg
UNIT-0077,validation,missing_warning,pet,X00CUBE0077,yes,missing,flat,yes,not_required,all_present,FAIL,Required suffocation warning is not visible.,images/UNIT-0077_front.jpg,images/UNIT-0077_back.jpg,images/UNIT-0077_label.jpg
UNIT-0078,validation,handling_mark_missing,home,X00CUBE0078,not_required,not_required,flat,yes,not_required,some_missing,FAIL,One or more required handling marks are missing.,images/UNIT-0078_front.jpg,images/UNIT-0078_back.jpg,images/UNIT-0078_label.jpg
UNIT-0079,validation,ambiguous_barcode,beauty,X00CUBE0079,yes,legible,flat,uncertain,legible,all_present,UNCERTAIN,Imagery does not reliably establish whether the original barcode is covered.,images/UNIT-0079_front.jpg,images/UNIT-0079_back.jpg,images/UNIT-0079_label.jpg
UNIT-0080,validation,fnsku_on_seam,food,X00CUBE0080,not_required,not_required,on_seam,yes,legible,all_present,FAIL,FNSKU label overlaps a package seam.,images/UNIT-0080_front.jpg,images/UNIT-0080_back.jpg,images/UNIT-0080_label.jpg
UNIT-0081,validation,polybag_not_sealed,electronics,X00CUBE0081,not_sealed,legible,flat,yes,not_required,all_present,FAIL,Polybag is present but the closure/seal is not correctly closed.,images/UNIT-0081_front.jpg,images/UNIT-0081_back.jpg,images/UNIT-0081_label.jpg
UNIT-0082,validation,fnsku_on_curve,toys,X00CUBE0082,yes,legible,on_curve,yes,not_required,all_present,FAIL,FNSKU label is placed on a curved surface.,images/UNIT-0082_front.jpg,images/UNIT-0082_back.jpg,images/UNIT-0082_label.jpg
UNIT-0083,validation,fnsku_missing,kitchen,X00CUBE0083,not_required,not_required,missing,yes,not_required,all_present,FAIL,Required FNSKU label is not visible.,images/UNIT-0083_front.jpg,images/UNIT-0083_back.jpg,images/UNIT-0083_label.jpg
UNIT-0084,validation,missing_polybag,home,X00CUBE0084,missing,legible,flat,yes,not_required,not_required,FAIL,Polybag is required but no polybag is visible.,images/UNIT-0084_front.jpg,images/UNIT-0084_back.jpg,images/UNIT-0084_label.jpg
UNIT-0085,validation,correct_preparation,electronics,X00CUBE0085,not_required,not_required,flat,yes,not_required,all_present,PASS,All applicable visual preparation checks are supported by the available evidence.,images/UNIT-0085_front.jpg,images/UNIT-0085_back.jpg,images/UNIT-0085_label.jpg
UNIT-0086,heldout,correct_preparation,home,X00CUBE0086,not_required,not_required,flat,yes,not_required,all_present,PASS,All applicable visual preparation checks are supported by the available evidence.,images/UNIT-0086_front.jpg,images/UNIT-0086_back.jpg,images/UNIT-0086_label.jpg
UNIT-0087,heldout,ambiguous_fnsku,pet,X00CUBE0087,yes,legible,uncertain,yes,not_required,all_present,UNCERTAIN,Imagery does not reliably establish FNSKU placement.,images/UNIT-0087_front.jpg,images/UNIT-0087_back.jpg,images/UNIT-0087_label.jpg
UNIT-0088,heldout,correct_preparation,home,X00CUBE0088,not_required,not_required,flat,yes,not_required,all_present,PASS,All applicable visual preparation checks are supported by the available evidence.,images/UNIT-0088_front.jpg,images/UNIT-0088_back.jpg,images/UNIT-0088_label.jpg
UNIT-0089,heldout,missing_polybag,beauty,X00CUBE0089,missing,legible,flat,yes,legible,all_present,FAIL,Polybag is required but no polybag is visible.,images/UNIT-0089_front.jpg,images/UNIT-0089_back.jpg,images/UNIT-0089_label.jpg
UNIT-0090,heldout,correct_preparation,food,X00CUBE0090,not_required,not_required,flat,yes,legible,all_present,PASS,All applicable visual preparation checks are supported by the available evidence.,images/UNIT-0090_front.jpg,images/UNIT-0090_back.jpg,images/UNIT-0090_label.jpg
UNIT-0091,heldout,handling_mark_missing,electronics,X00CUBE0091,not_required,not_required,flat,yes,not_required,some_missing,FAIL,One or more required handling marks are missing.,images/UNIT-0091_front.jpg,images/UNIT-0091_back.jpg,images/UNIT-0091_label.jpg
UNIT-0092,heldout,correct_preparation,toys,X00CUBE0092,yes,legible,flat,yes,not_required,all_present,PASS,All applicable visual preparation checks are supported by the available evidence.,images/UNIT-0092_front.jpg,images/UNIT-0092_back.jpg,images/UNIT-0092_label.jpg
UNIT-0093,heldout,fnsku_on_curve,kitchen,X00CUBE0093,not_required,not_required,on_curve,yes,not_required,all_present,FAIL,FNSKU label is placed on a curved surface.,images/UNIT-0093_front.jpg,images/UNIT-0093_back.jpg,images/UNIT-0093_label.jpg
UNIT-0094,heldout,ambiguous_polybag,home,X00CUBE0094,uncertain,legible,flat,yes,not_required,all_present,UNCERTAIN,Imagery does not reliably establish polybag presence or sealing.,images/UNIT-0094_front.jpg,images/UNIT-0094_back.jpg,images/UNIT-0094_label.jpg
UNIT-0095,heldout,ambiguous_expiry,electronics,X00CUBE0095,not_required,not_required,flat,yes,uncertain,all_present,UNCERTAIN,Imagery does not reliably establish expiry-date legibility.,images/UNIT-0095_front.jpg,images/UNIT-0095_back.jpg,images/UNIT-0095_label.jpg
UNIT-0096,heldout,handling_mark_missing,home,X00CUBE0096,not_required,not_required,flat,yes,not_required,some_missing,FAIL,One or more required handling marks are missing.,images/UNIT-0096_front.jpg,images/UNIT-0096_back.jpg,images/UNIT-0096_label.jpg
UNIT-0097,heldout,expiry_obscured,pet,X00CUBE0097,yes,legible,flat,yes,illegible_after_wrap,all_present,FAIL,Expiry information is not legible after wrapping.,images/UNIT-0097_front.jpg,images/UNIT-0097_back.jpg,images/UNIT-0097_label.jpg
UNIT-0098,heldout,fnsku_on_curve,home,X00CUBE0098,not_required,not_required,on_curve,yes,not_required,all_present,FAIL,FNSKU label is placed on a curved surface.,images/UNIT-0098_front.jpg,images/UNIT-0098_back.jpg,images/UNIT-0098_label.jpg
UNIT-0099,heldout,fnsku_on_seam,beauty,X00CUBE0099,yes,legible,on_seam,yes,legible,all_present,FAIL,FNSKU label overlaps a package seam.,images/UNIT-0099_front.jpg,images/UNIT-0099_back.jpg,images/UNIT-0099_label.jpg
UNIT-0100,heldout,missing_warning,food,X00CUBE0100,not_required,missing,flat,yes,legible,all_present,FAIL,Required suffocation warning is not visible.,images/UNIT-0100_front.jpg,images/UNIT-0100_back.jpg,images/UNIT-0100_label.jpg
