unit_id,prep_price_usd,target_max_check_cost_usd,cost_within_unit_economics,notes
UNIT-0001,0.75,0.075,YES,Prototype target assumption only; not an organiser scoring rule.
UNIT-0002,1.10,0.110,YES,Prototype target assumption only; not an organiser scoring rule.
UNIT-0003,0.55,0.055,YES,Prototype target assumption only; not an organiser scoring rule.
UNIT-0004,0.90,0.090,YES,Prototype target assumption only; not an organiser scoring rule.
UNIT-0005,0.40,0.040,YES,Prototype target assumption only; not an organiser scoring rule.
UNIT-0006,0.75,0.075,YES,Prototype target assumption only; not an organiser scoring rule.
UNIT-0007,1.10,0.110,YES,Prototype target assumption only; not an organiser scoring rule.
UNIT-0008,0.55,0.055,YES,Prototype target assumption only; not an organiser scoring rule.
UNIT-0009,0.90,0.090,YES,Prototype target assumption only; not an organiser scoring rule.
UNIT-0010,0.40,0.040,YES,Prototype target assumption only; not an organiser scoring rule.
UNIT-0011,0.75,0.075,YES,Prototype target assumption only; not an organiser scoring rule.
UNIT-0012,1.10,0.110,YES,Prototype target assumption only; not an organiser scoring rule.
UNIT-0013,0.55,0.055,YES,Prototype target assumption only; not an organiser scoring rule.
UNIT-0014,0.90,0.090,YES,Prototype target assumption only; not an organiser scoring rule.
UNIT-0015,0.40,0.040,YES,Prototype target assumption only; not an organiser scoring rule.
UNIT-0016,0.75,0.075,YES,Prototype target assumption only; not an organiser scoring rule.
UNIT-0017,1.10,0.110,YES,Prototype target assumption only; not an organiser scoring rule.
UNIT-0018,0.55,0.055,YES,Prototype target assumption only; not an organiser scoring rule.
UNIT-0019,0.90,0.090,YES,Prototype target assumption only; not an organiser scoring rule.
UNIT-0020,0.40,0.040,YES,Prototype target assumption only; not an organiser scoring rule.
UNIT-0021,0.75,0.075,YES,Prototype target assumption only; not an organiser scoring rule.
UNIT-0022,1.10,0.110,YES,Prototype target assumption only; not an organiser scoring rule.
UNIT-0023,0.55,0.055,YES,Prototype target assumption only; not an organiser scoring rule.
UNIT-0024,0.90,0.090,YES,Prototype target assumption only; not an organiser scoring rule.
UNIT-0025,0.40,0.040,YES,Prototype target assumption only; not an organiser scoring rule.
UNIT-0026,0.75,0.075,YES,Prototype target assumption only; not an organiser scoring rule.
UNIT-0027,1.10,0.110,YES,Prototype target assumption only; not an organiser scoring rule.
UNIT-0028,0.55,0.055,YES,Prototype target assumption only; not an organiser scoring rule.
UNIT-0029,0.90,0.090,YES,Prototype target assumption only; not an organiser scoring rule.
UNIT-0030,0.40,0.040,YES,Prototype target assumption only; not an organiser scoring rule.
UNIT-0031,0.75,0.075,YES,Prototype target assumption only; not an organiser scoring rule.
UNIT-0032,1.10,0.110,YES,Prototype target assumption only; not an organiser scoring rule.
UNIT-0033,0.55,0.055,YES,Prototype target assumption only; not an organiser scoring rule.
UNIT-0034,0.90,0.090,YES,Prototype target assumption only; not an organiser scoring rule.
UNIT-0035,0.40,0.040,YES,Prototype target assumption only; not an organiser scoring rule.
UNIT-0036,0.75,0.075,YES,Prototype target assumption only; not an organiser scoring rule.
UNIT-0037,1.10,0.110,YES,Prototype target assumption only; not an organiser scoring rule.
UNIT-0038,0.55,0.055,YES,Prototype target assumption only; not an organiser scoring rule.
UNIT-0039,0.90,0.090,YES,Prototype target assumption only; not an organiser scoring rule.
UNIT-0040,0.40,0.040,YES,Prototype target assumption only; not an organiser scoring rule.
UNIT-0041,0.75,0.075,YES,Prototype target assumption only; not an organiser scoring rule.
UNIT-0042,1.10,0.110,YES,Prototype target assumption only; not an organiser scoring rule.
UNIT-0043,0.55,0.055,YES,Prototype target assumption only; not an organiser scoring rule.
UNIT-0044,0.90,0.090,YES,Prototype target assumption only; not an organiser scoring rule.
UNIT-0045,0.40,0.040,YES,Prototype target assumption only; not an organiser scoring rule.
UNIT-0046,0.75,0.075,YES,Prototype target assumption only; not an organiser scoring rule.
UNIT-0047,1.10,0.110,YES,Prototype target assumption only; not an organiser scoring rule.
UNIT-0048,0.55,0.055,YES,Prototype target assumption only; not an organiser scoring rule.
UNIT-0049,0.90,0.090,YES,Prototype target assumption only; not an organiser scoring rule.
UNIT-0050,0.40,0.040,YES,Prototype target assumption only; not an organiser scoring rule.
UNIT-0051,0.75,0.075,YES,Prototype target assumption only; not an organiser scoring rule.
UNIT-0052,1.10,0.110,YES,Prototype target assumption only; not an organiser scoring rule.
UNIT-0053,0.55,0.055,YES,Prototype target assumption only; not an organiser scoring rule.
UNIT-0054,0.90,0.090,YES,Prototype target assumption only; not an organiser scoring rule.
UNIT-0055,0.40,0.040,YES,Prototype target assumption only; not an organiser scoring rule.
UNIT-0056,0.75,0.075,YES,Prototype target assumption only; not an organiser scoring rule.
UNIT-0057,1.10,0.110,YES,Prototype target assumption only; not an organiser scoring rule.
UNIT-0058,0.55,0.055,YES,Prototype target assumption only; not an organiser scoring rule.
UNIT-0059,0.90,0.090,YES,Prototype target assumption only; not an organiser scoring rule.
UNIT-0060,0.40,0.040,YES,Prototype target assumption only; not an organiser scoring rule.
UNIT-0061,0.75,0.075,YES,Prototype target assumption only; not an organiser scoring rule.
UNIT-0062,1.10,0.110,YES,Prototype target assumption only; not an organiser scoring rule.
UNIT-0063,0.55,0.055,YES,Prototype target assumption only; not an organiser scoring rule.
UNIT-0064,0.90,0.090,YES,Prototype target assumption only; not an organiser scoring rule.
UNIT-0065,0.40,0.040,YES,Prototype target assumption only; not an organiser scoring rule.
UNIT-0066,0.75,0.075,YES,Prototype target assumption only; not an organiser scoring rule.
UNIT-0067,1.10,0.110,YES,Prototype target assumption only; not an organiser scoring rule.
UNIT-0068,0.55,0.055,YES,Prototype target assumption only; not an organiser scoring rule.
UNIT-0069,0.90,0.090,YES,Prototype target assumption only; not an organiser scoring rule.
UNIT-0070,0.40,0.040,YES,Prototype target assumption only; not an organiser scoring rule.
UNIT-0071,0.75,0.075,YES,Prototype target assumption only; not an organiser scoring rule.
UNIT-0072,1.10,0.110,YES,Prototype target assumption only; not an organiser scoring rule.
UNIT-0073,0.55,0.055,YES,Prototype target assumption only; not an organiser scoring rule.
UNIT-0074,0.90,0.090,YES,Prototype target assumption only; not an organiser scoring rule.
UNIT-0075,0.40,0.040,YES,Prototype target assumption only; not an organiser scoring rule.
UNIT-0076,0.75,0.075,YES,Prototype target assumption only; not an organiser scoring rule.
UNIT-0077,1.10,0.110,YES,Prototype target assumption only; not an organiser scoring rule.
UNIT-0078,0.55,0.055,YES,Prototype target assumption only; not an organiser scoring rule.
UNIT-0079,0.90,0.090,YES,Prototype target assumption only; not an organiser scoring rule.
UNIT-0080,0.40,0.040,YES,Prototype target assumption only; not an organiser scoring rule.
UNIT-0081,0.75,0.075,YES,Prototype target assumption only; not an organiser scoring rule.
UNIT-0082,1.10,0.110,YES,Prototype target assumption only; not an organiser scoring rule.
UNIT-0083,0.55,0.055,YES,Prototype target assumption only; not an organiser scoring rule.
UNIT-0084,0.90,0.090,YES,Prototype target assumption only; not an organiser scoring rule.
UNIT-0085,0.40,0.040,YES,Prototype target assumption only; not an organiser scoring rule.
UNIT-0086,0.75,0.075,YES,Prototype target assumption only; not an organiser scoring rule.
UNIT-0087,1.10,0.110,YES,Prototype target assumption only; not an organiser scoring rule.
UNIT-0088,0.55,0.055,YES,Prototype target assumption only; not an organiser scoring rule.
UNIT-0089,0.90,0.090,YES,Prototype target assumption only; not an organiser scoring rule.
UNIT-0090,0.40,0.040,YES,Prototype target assumption only; not an organiser scoring rule.
UNIT-0091,0.75,0.075,YES,Prototype target assumption only; not an organiser scoring rule.
UNIT-0092,1.10,0.110,YES,Prototype target assumption only; not an organiser scoring rule.
UNIT-0093,0.55,0.055,YES,Prototype target assumption only; not an organiser scoring rule.
UNIT-0094,0.90,0.090,YES,Prototype target assumption only; not an organiser scoring rule.
UNIT-0095,0.40,0.040,YES,Prototype target assumption only; not an organiser scoring rule.
UNIT-0096,0.75,0.075,YES,Prototype target assumption only; not an organiser scoring rule.
UNIT-0097,1.10,0.110,YES,Prototype target assumption only; not an organiser scoring rule.
UNIT-0098,0.55,0.055,YES,Prototype target assumption only; not an organiser scoring rule.
UNIT-0099,0.90,0.090,YES,Prototype target assumption only; not an organiser scoring rule.
UNIT-0100,0.40,0.040,YES,Prototype target assumption only; not an organiser scoring rule.
