record_id,unit_id,org_id,work_order_id,fba_shipment_id,sku,asin,fnsku,prep_price_usd,wo_polybag,wo_suffocation_warning,wo_expiry_date,wo_handling_marks,polybag_present_sealed,suffocation_warning,fnsku_label_placement,original_barcode_covered,expiry_date,handling_marks,photo_refs,operator_id,captured_at,product_category,scenario,expected_overall_status,expected_issue_explanation,evidence_view,image_quality_class,split
PRP-0001,UNIT-0001,org_demo_alpha,WO-3000,FBA-CUBE-100,SKU-CABLE-USBC,B0DUMMY261,X00CUBE0001,0.75,False,False,False,fragile,not_required,not_required,flat,yes,not_required,all_present,images/UNIT-0001_front.jpg;images/UNIT-0001_back.jpg;images/UNIT-0001_label.jpg,op_amira,2026-09-20T08:17:00Z,electronics,correct_preparation,PASS,All applicable visual preparation checks are supported by the available evidence.,front,standard,train
PRP-0002,UNIT-0002,org_demo_bravo,WO-3000,FBA-CUBE-100,SKU-PUZZLE-500,B0DUMMY729,X00CUBE0002,1.10,True,True,False,liquid,yes,legible,flat,yes,not_required,all_present,images/UNIT-0002_front.jpg;images/UNIT-0002_back.jpg;images/UNIT-0002_label.jpg,op_ben,2026-09-20T08:34:00Z,toys,correct_preparation,PASS,All applicable visual preparation checks are supported by the available evidence.,front,standard,train
PRP-0003,UNIT-0003,org_demo_alpha,WO-3000,FBA-CUBE-100,SKU-MUG-11,B0DUMMY351,X00CUBE0003,0.55,False,False,False,this_way_up,not_required,not_required,on_seam,yes,not_required,all_present,images/UNIT-0003_front.jpg;images/UNIT-0003_back.jpg;images/UNIT-0003_label.jpg,op_chen,2026-09-20T08:51:00Z,kitchen,fnsku_on_seam,FAIL,FNSKU label overlaps a package seam.,front,standard,train
PRP-0004,UNIT-0004,org_demo_bravo,WO-3000,FBA-CUBE-100,SKU-BOTTLE-750,B0DUMMY622,X00CUBE0004,0.90,False,False,False,fragile;this_way_up,not_required,not_required,uncertain,yes,not_required,all_present,images/UNIT-0004_front.jpg;images/UNIT-0004_back.jpg;images/UNIT-0004_label.jpg,op_dana,2026-09-20T09:08:00Z,home,ambiguous_fnsku,UNCERTAIN,Imagery does not reliably establish FNSKU placement.,front,ambiguous,train
PRP-0005,UNIT-0005,org_demo_alpha,WO-3000,FBA-CUBE-100,SKU-LAMP-LED,B0DUMMY357,X00CUBE0005,0.40,False,False,False,liquid;this_way_up,not_required,not_required,flat,yes,not_required,all_present,images/UNIT-0005_front.jpg;images/UNIT-0005_back.jpg;images/UNIT-0005_label.jpg,op_eli,2026-09-20T09:25:00Z,electronics,correct_preparation,PASS,All applicable visual preparation checks are supported by the available evidence.,front,standard,train
PRP-0006,UNIT-0006,org_demo_bravo,WO-3001,FBA-CUBE-100,SKU-TOWEL-BLU,B0DUMMY600,X00CUBE0006,0.75,False,False,False,,not_required,not_required,uncertain,yes,not_required,not_required,images/UNIT-0006_front.jpg;images/UNIT-0006_back.jpg;images/UNIT-0006_label.jpg,op_fatima,2026-09-20T09:42:00Z,home,ambiguous_fnsku,UNCERTAIN,Imagery does not reliably establish FNSKU placement.,front,ambiguous,train
PRP-0007,UNIT-0007,org_demo_alpha,WO-3001,FBA-CUBE-100,SKU-LEASH-6FT,B0DUMMY205,X00CUBE0007,1.10,True,True,False,fragile,not_sealed,obscured_by_fold,on_edge,no,not_required,some_missing,images/UNIT-0007_front.jpg;images/UNIT-0007_back.jpg;images/UNIT-0007_label.jpg,op_amira,2026-09-20T09:59:00Z,pet,multi_failure,FAIL,Polybag is present but the closure/seal is not correctly closed. Suffocation warning is present but obscured by a fold. FNSKU label is placed across/too close to a package edge. Original manufacturer barcode remains visible. One or more required handling marks are missing.,front,standard,train
PRP-0008,UNIT-0008,org_demo_bravo,WO-3001,FBA-CUBE-100,SKU-CANDLE-3,B0DUMMY964,X00CUBE0008,0.55,False,False,False,liquid,not_required,not_required,flat,no,not_required,all_present,images/UNIT-0008_front.jpg;images/UNIT-0008_back.jpg;images/UNIT-0008_label.jpg,op_ben,2026-09-20T10:16:00Z,home,original_barcode_visible,FAIL,Original manufacturer barcode remains visible.,front,standard,train
PRP-0009,UNIT-0009,org_demo_alpha,WO-3001,FBA-CUBE-100,SKU-SERUM-30,B0DUMMY031,X00CUBE0009,0.90,True,True,True,liquid;this_way_up,not_sealed,legible,flat,yes,legible,all_present,images/UNIT-0009_front.jpg;images/UNIT-0009_back.jpg;images/UNIT-0009_label.jpg,op_chen,2026-09-20T10:33:00Z,beauty,polybag_not_sealed,FAIL,Polybag is present but the closure/seal is not correctly closed.,front,standard,train
PRP-0010,UNIT-0010,org_demo_bravo,WO-3001,FBA-CUBE-100,SKU-PROT-1KG,B0DUMMY357,X00CUBE0010,0.40,False,False,True,this_way_up,not_required,uncertain,flat,yes,legible,all_present,images/UNIT-0010_front.jpg;images/UNIT-0010_back.jpg;images/UNIT-0010_label.jpg,op_dana,2026-09-20T10:50:00Z,food,ambiguous_warning,UNCERTAIN,Imagery does not reliably establish warning visibility or legibility.,front,ambiguous,train
PRP-0011,UNIT-0011,org_demo_alpha,WO-3002,FBA-CUBE-101,SKU-CABLE-USBC,B0DUMMY261,X00CUBE0011,0.75,True,True,False,liquid;this_way_up,missing,legible,flat,yes,not_required,all_present,images/UNIT-0011_front.jpg;images/UNIT-0011_back.jpg;images/UNIT-0011_label.jpg,op_eli,2026-09-20T11:07:00Z,electronics,missing_polybag,FAIL,Polybag is required but no polybag is visible.,front,standard,train
PRP-0012,UNIT-0012,org_demo_bravo,WO-3002,FBA-CUBE-101,SKU-PUZZLE-500,B0DUMMY729,X00CUBE0012,1.10,True,True,False,,yes,legible,flat,uncertain,not_required,not_required,images/UNIT-0012_front.jpg;images/UNIT-0012_back.jpg;images/UNIT-0012_label.jpg,op_fatima,2026-09-20T11:24:00Z,toys,ambiguous_barcode,UNCERTAIN,Imagery does not reliably establish whether the original barcode is covered.,front,ambiguous,train
PRP-0013,UNIT-0013,org_demo_alpha,WO-3002,FBA-CUBE-101,SKU-MUG-11,B0DUMMY351,X00CUBE0013,0.55,False,False,False,fragile,not_required,not_required,flat,uncertain,not_required,all_present,images/UNIT-0013_front.jpg;images/UNIT-0013_back.jpg;images/UNIT-0013_label.jpg,op_amira,2026-09-20T11:41:00Z,kitchen,ambiguous_barcode,UNCERTAIN,Imagery does not reliably establish whether the original barcode is covered.,front,ambiguous,train
PRP-0014,UNIT-0014,org_demo_bravo,WO-3002,FBA-CUBE-101,SKU-BOTTLE-750,B0DUMMY622,X00CUBE0014,0.90,False,False,False,liquid,not_required,not_required,flat,yes,not_required,all_present,images/UNIT-0014_front.jpg;images/UNIT-0014_back.jpg;images/UNIT-0014_label.jpg,op_ben,2026-09-20T11:58:00Z,home,correct_preparation,PASS,All applicable visual preparation checks are supported by the available evidence.,front,standard,train
PRP-0015,UNIT-0015,org_demo_alpha,WO-3002,FBA-CUBE-101,SKU-LAMP-LED,B0DUMMY357,X00CUBE0015,0.40,False,False,False,this_way_up,not_required,not_required,flat,yes,not_required,all_present,images/UNIT-0015_front.jpg;images/UNIT-0015_back.jpg;images/UNIT-0015_label.jpg,op_chen,2026-09-20T12:15:00Z,electronics,correct_preparation,PASS,All applicable visual preparation checks are supported by the available evidence.,front,standard,train
PRP-0016,UNIT-0016,org_demo_bravo,WO-3003,FBA-CUBE-101,SKU-TOWEL-BLU,B0DUMMY600,X00CUBE0016,0.75,False,False,False,fragile;this_way_up,not_required,not_required,on_edge,no,not_required,some_missing,images/UNIT-0016_front.jpg;images/UNIT-0016_back.jpg;images/UNIT-0016_label.jpg,op_dana,2026-09-20T12:32:00Z,home,multi_failure,FAIL,FNSKU label is placed across/too close to a package edge. Original manufacturer barcode remains visible. One or more required handling marks are missing.,front,standard,train
PRP-0017,UNIT-0017,org_demo_alpha,WO-3003,FBA-CUBE-101,SKU-LEASH-6FT,B0DUMMY205,X00CUBE0017,1.10,True,True,False,liquid;this_way_up,yes,legible,flat,yes,not_required,all_present,images/UNIT-0017_front.jpg;images/UNIT-0017_back.jpg;images/UNIT-0017_label.jpg,op_eli,2026-09-20T12:49:00Z,pet,correct_preparation,PASS,All applicable visual preparation checks are supported by the available evidence.,front,standard,train
PRP-0018,UNIT-0018,org_demo_bravo,WO-3003,FBA-CUBE-101,SKU-CANDLE-3,B0DUMMY964,X00CUBE0018,0.55,True,True,False,,missing,legible,flat,yes,not_required,not_required,images/UNIT-0018_front.jpg;images/UNIT-0018_back.jpg;images/UNIT-0018_label.jpg,op_fatima,2026-09-20T13:06:00Z,home,missing_polybag,FAIL,Polybag is required but no polybag is visible.,front,standard,train
PRP-0019,UNIT-0019,org_demo_alpha,WO-3003,FBA-CUBE-101,SKU-SERUM-30,B0DUMMY031,X00CUBE0019,0.90,True,True,True,liquid;this_way_up,yes,legible,flat,yes,legible,all_present,images/UNIT-0019_front.jpg;images/UNIT-0019_back.jpg;images/UNIT-0019_label.jpg,op_amira,2026-09-20T13:23:00Z,beauty,correct_preparation,PASS,All applicable visual preparation checks are supported by the available evidence.,front,standard,train
PRP-0020,UNIT-0020,org_demo_bravo,WO-3003,FBA-CUBE-101,SKU-PROT-1KG,B0DUMMY357,X00CUBE0020,0.40,False,False,True,this_way_up,not_required,uncertain,flat,yes,legible,all_present,images/UNIT-0020_front.jpg;images/UNIT-0020_back.jpg;images/UNIT-0020_label.jpg,op_ben,2026-09-20T13:40:00Z,food,ambiguous_warning,UNCERTAIN,Imagery does not reliably establish warning visibility or legibility.,front,ambiguous,train
PRP-0021,UNIT-0021,org_demo_alpha,WO-3004,FBA-CUBE-102,SKU-CABLE-USBC,B0DUMMY261,X00CUBE0021,0.75,False,False,False,this_way_up,not_required,not_required,on_edge,yes,not_required,all_present,images/UNIT-0021_front.jpg;images/UNIT-0021_back.jpg;images/UNIT-0021_label.jpg,op_chen,2026-09-20T13:57:00Z,electronics,fnsku_on_edge,FAIL,FNSKU label is placed across/too close to a package edge.,front,standard,train
PRP-0022,UNIT-0022,org_demo_bravo,WO-3004,FBA-CUBE-102,SKU-PUZZLE-500,B0DUMMY729,X00CUBE0022,1.10,True,True,False,fragile;this_way_up,missing,legible,flat,yes,not_required,all_present,images/UNIT-0022_front.jpg;images/UNIT-0022_back.jpg;images/UNIT-0022_label.jpg,op_dana,2026-09-20T14:14:00Z,toys,missing_polybag,FAIL,Polybag is required but no polybag is visible.,front,standard,train
PRP-0023,UNIT-0023,org_demo_alpha,WO-3004,FBA-CUBE-102,SKU-MUG-11,B0DUMMY351,X00CUBE0023,0.55,False,False,False,liquid;this_way_up,not_required,not_required,flat,yes,illegible_after_wrap,all_present,images/UNIT-0023_front.jpg;images/UNIT-0023_back.jpg;images/UNIT-0023_label.jpg,op_eli,2026-09-20T14:31:00Z,kitchen,expiry_illegible,FAIL,Expiry information is not legible after wrapping.,front,standard,train
PRP-0024,UNIT-0024,org_demo_bravo,WO-3004,FBA-CUBE-102,SKU-BOTTLE-750,B0DUMMY622,X00CUBE0024,0.90,False,False,False,,not_required,not_required,on_edge,yes,not_required,not_required,images/UNIT-0024_front.jpg;images/UNIT-0024_back.jpg;images/UNIT-0024_label.jpg,op_fatima,2026-09-20T14:48:00Z,home,fnsku_on_edge,FAIL,FNSKU label is placed across/too close to a package edge.,front,standard,train
PRP-0025,UNIT-0025,org_demo_alpha,WO-3004,FBA-CUBE-102,SKU-LAMP-LED,B0DUMMY357,X00CUBE0025,0.40,False,False,False,fragile,not_required,not_required,flat,yes,not_required,all_present,images/UNIT-0025_front.jpg;images/UNIT-0025_back.jpg;images/UNIT-0025_label.jpg,op_amira,2026-09-20T15:05:00Z,electronics,correct_preparation,PASS,All applicable visual preparation checks are supported by the available evidence.,front,standard,train
PRP-0026,UNIT-0026,org_demo_bravo,WO-3005,FBA-CUBE-102,SKU-TOWEL-BLU,B0DUMMY600,X00CUBE0026,0.75,False,False,False,liquid,not_required,not_required,flat,yes,not_required,some_missing,images/UNIT-0026_front.jpg;images/UNIT-0026_back.jpg;images/UNIT-0026_label.jpg,op_ben,2026-09-20T15:22:00Z,home,handling_mark_missing,FAIL,One or more required handling marks are missing.,front,standard,train
PRP-0027,UNIT-0027,org_demo_alpha,WO-3005,FBA-CUBE-102,SKU-LEASH-6FT,B0DUMMY205,X00CUBE0027,1.10,True,True,False,this_way_up,yes,legible,flat,no,not_required,all_present,images/UNIT-0027_front.jpg;images/UNIT-0027_back.jpg;images/UNIT-0027_label.jpg,op_chen,2026-09-20T15:39:00Z,pet,original_barcode_visible,FAIL,Original manufacturer barcode remains visible.,front,standard,train
PRP-0028,UNIT-0028,org_demo_bravo,WO-3005,FBA-CUBE-102,SKU-CANDLE-3,B0DUMMY964,X00CUBE0028,0.55,False,False,False,fragile;this_way_up,not_required,not_required,on_edge,yes,not_required,all_present,images/UNIT-0028_front.jpg;images/UNIT-0028_back.jpg;images/UNIT-0028_label.jpg,op_dana,2026-09-20T15:56:00Z,home,fnsku_on_edge,FAIL,FNSKU label is placed across/too close to a package edge.,front,standard,train
PRP-0029,UNIT-0029,org_demo_alpha,WO-3005,FBA-CUBE-102,SKU-SERUM-30,B0DUMMY031,X00CUBE0029,0.90,True,True,True,liquid;this_way_up,yes,obscured_by_fold,flat,yes,legible,all_present,images/UNIT-0029_front.jpg;images/UNIT-0029_back.jpg;images/UNIT-0029_label.jpg,op_eli,2026-09-20T16:13:00Z,beauty,obscured_warning,FAIL,Suffocation warning is present but obscured by a fold.,front,standard,train
PRP-0030,UNIT-0030,org_demo_bravo,WO-3005,FBA-CUBE-102,SKU-PROT-1KG,B0DUMMY357,X00CUBE0030,0.40,False,False,True,this_way_up,not_required,not_required,flat,yes,illegible_after_wrap,all_present,images/UNIT-0030_front.jpg;images/UNIT-0030_back.jpg;images/UNIT-0030_label.jpg,op_fatima,2026-09-20T16:30:00Z,food,expiry_obscured,FAIL,Expiry information is not legible after wrapping.,front,standard,train
PRP-0031,UNIT-0031,org_demo_alpha,WO-3006,FBA-CUBE-103,SKU-CABLE-USBC,B0DUMMY261,X00CUBE0031,0.75,False,False,False,fragile,not_required,obscured_by_fold,flat,yes,not_required,all_present,images/UNIT-0031_front.jpg;images/UNIT-0031_back.jpg;images/UNIT-0031_label.jpg,op_amira,2026-09-20T16:47:00Z,electronics,obscured_warning,FAIL,Suffocation warning is present but obscured by a fold.,front,standard,train
PRP-0032,UNIT-0032,org_demo_bravo,WO-3006,FBA-CUBE-103,SKU-PUZZLE-500,B0DUMMY729,X00CUBE0032,1.10,True,True,False,liquid,yes,legible,flat,yes,not_required,all_present,images/UNIT-0032_front.jpg;images/UNIT-0032_back.jpg;images/UNIT-0032_label.jpg,op_ben,2026-09-20T17:04:00Z,toys,correct_preparation,PASS,All applicable visual preparation checks are supported by the available evidence.,front,standard,train
PRP-0033,UNIT-0033,org_demo_alpha,WO-3006,FBA-CUBE-103,SKU-MUG-11,B0DUMMY351,X00CUBE0033,0.55,False,False,False,this_way_up,not_required,not_required,flat,yes,uncertain,all_present,images/UNIT-0033_front.jpg;images/UNIT-0033_back.jpg;images/UNIT-0033_label.jpg,op_chen,2026-09-20T17:21:00Z,kitchen,ambiguous_expiry,UNCERTAIN,Imagery does not reliably establish expiry-date legibility.,front,ambiguous,train
PRP-0034,UNIT-0034,org_demo_bravo,WO-3006,FBA-CUBE-103,SKU-BOTTLE-750,B0DUMMY622,X00CUBE0034,0.90,False,False,False,fragile;this_way_up,not_required,not_required,on_seam,yes,not_required,all_present,images/UNIT-0034_front.jpg;images/UNIT-0034_back.jpg;images/UNIT-0034_label.jpg,op_dana,2026-09-20T17:38:00Z,home,fnsku_on_seam,FAIL,FNSKU label overlaps a package seam.,front,standard,train
PRP-0035,UNIT-0035,org_demo_alpha,WO-3006,FBA-CUBE-103,SKU-LAMP-LED,B0DUMMY357,X00CUBE0035,0.40,False,False,False,liquid;this_way_up,not_required,obscured_by_fold,flat,yes,not_required,all_present,images/UNIT-0035_front.jpg;images/UNIT-0035_back.jpg;images/UNIT-0035_label.jpg,op_eli,2026-09-20T17:55:00Z,electronics,obscured_warning,FAIL,Suffocation warning is present but obscured by a fold.,front,standard,train
PRP-0036,UNIT-0036,org_demo_bravo,WO-3007,FBA-CUBE-103,SKU-TOWEL-BLU,B0DUMMY600,X00CUBE0036,0.75,False,False,False,,not_required,not_required,on_edge,no,not_required,not_required,images/UNIT-0036_front.jpg;images/UNIT-0036_back.jpg;images/UNIT-0036_label.jpg,op_fatima,2026-09-20T18:12:00Z,home,multi_failure,FAIL,FNSKU label is placed across/too close to a package edge. Original manufacturer barcode remains visible.,front,standard,train
PRP-0037,UNIT-0037,org_demo_alpha,WO-3007,FBA-CUBE-103,SKU-LEASH-6FT,B0DUMMY205,X00CUBE0037,1.10,True,True,False,fragile,yes,obscured_by_fold,flat,yes,not_required,all_present,images/UNIT-0037_front.jpg;images/UNIT-0037_back.jpg;images/UNIT-0037_label.jpg,op_amira,2026-09-20T18:29:00Z,pet,obscured_warning,FAIL,Suffocation warning is present but obscured by a fold.,front,standard,train
PRP-0038,UNIT-0038,org_demo_bravo,WO-3007,FBA-CUBE-103,SKU-CANDLE-3,B0DUMMY964,X00CUBE0038,0.55,False,False,False,liquid,not_required,not_required,flat,yes,not_required,all_present,images/UNIT-0038_front.jpg;images/UNIT-0038_back.jpg;images/UNIT-0038_label.jpg,op_ben,2026-09-20T18:46:00Z,home,correct_preparation,PASS,All applicable visual preparation checks are supported by the available evidence.,front,standard,train
PRP-0039,UNIT-0039,org_demo_alpha,WO-3007,FBA-CUBE-103,SKU-SERUM-30,B0DUMMY031,X00CUBE0039,0.90,True,True,True,liquid;this_way_up,yes,legible,flat,yes,illegible_after_wrap,all_present,images/UNIT-0039_front.jpg;images/UNIT-0039_back.jpg;images/UNIT-0039_label.jpg,op_chen,2026-09-20T19:03:00Z,beauty,expiry_obscured,FAIL,Expiry information is not legible after wrapping.,front,standard,train
PRP-0040,UNIT-0040,org_demo_bravo,WO-3007,FBA-CUBE-103,SKU-PROT-1KG,B0DUMMY357,X00CUBE0040,0.40,False,False,True,this_way_up,not_required,not_required,flat,no,legible,all_present,images/UNIT-0040_front.jpg;images/UNIT-0040_back.jpg;images/UNIT-0040_label.jpg,op_dana,2026-09-20T19:20:00Z,food,original_barcode_visible,FAIL,Original manufacturer barcode remains visible.,front,standard,train
PRP-0041,UNIT-0041,org_demo_alpha,WO-3008,FBA-CUBE-104,SKU-CABLE-USBC,B0DUMMY261,X00CUBE0041,0.75,False,False,False,liquid;this_way_up,not_required,not_required,missing,yes,not_required,all_present,images/UNIT-0041_front.jpg;images/UNIT-0041_back.jpg;images/UNIT-0041_label.jpg,op_eli,2026-09-20T19:37:00Z,electronics,fnsku_missing,FAIL,Required FNSKU label is not visible.,front,standard,train
PRP-0042,UNIT-0042,org_demo_bravo,WO-3008,FBA-CUBE-104,SKU-PUZZLE-500,B0DUMMY729,X00CUBE0042,1.10,True,True,False,,yes,legible,flat,yes,not_required,not_required,images/UNIT-0042_front.jpg;images/UNIT-0042_back.jpg;images/UNIT-0042_label.jpg,op_fatima,2026-09-20T19:54:00Z,toys,correct_preparation,PASS,All applicable visual preparation checks are supported by the available evidence.,front,standard,train
PRP-0043,UNIT-0043,org_demo_alpha,WO-3008,FBA-CUBE-104,SKU-MUG-11,B0DUMMY351,X00CUBE0043,0.55,False,False,False,fragile,not_required,not_required,flat,yes,illegible_after_wrap,all_present,images/UNIT-0043_front.jpg;images/UNIT-0043_back.jpg;images/UNIT-0043_label.jpg,op_amira,2026-09-20T20:11:00Z,kitchen,expiry_obscured,FAIL,Expiry information is not legible after wrapping.,front,standard,train
PRP-0044,UNIT-0044,org_demo_bravo,WO-3008,FBA-CUBE-104,SKU-BOTTLE-750,B0DUMMY622,X00CUBE0044,0.90,True,True,False,liquid,uncertain,legible,flat,yes,not_required,all_present,images/UNIT-0044_front.jpg;images/UNIT-0044_back.jpg;images/UNIT-0044_label.jpg,op_ben,2026-09-20T20:28:00Z,home,ambiguous_polybag,UNCERTAIN,Imagery does not reliably establish polybag presence or sealing.,front,ambiguous,train
PRP-0045,UNIT-0045,org_demo_alpha,WO-3008,FBA-CUBE-104,SKU-LAMP-LED,B0DUMMY357,X00CUBE0045,0.40,False,False,False,this_way_up,not_required,not_required,on_curve,yes,not_required,all_present,images/UNIT-0045_front.jpg;images/UNIT-0045_back.jpg;images/UNIT-0045_label.jpg,op_chen,2026-09-20T20:45:00Z,electronics,fnsku_on_curve,FAIL,FNSKU label is placed on a curved surface.,front,standard,train
PRP-0046,UNIT-0046,org_demo_bravo,WO-3009,FBA-CUBE-104,SKU-TOWEL-BLU,B0DUMMY600,X00CUBE0046,0.75,False,False,False,fragile;this_way_up,not_required,not_required,on_edge,no,not_required,some_missing,images/UNIT-0046_front.jpg;images/UNIT-0046_back.jpg;images/UNIT-0046_label.jpg,op_dana,2026-09-20T21:02:00Z,home,multi_failure,FAIL,FNSKU label is placed across/too close to a package edge. Original manufacturer barcode remains visible. One or more required handling marks are missing.,front,standard,train
PRP-0047,UNIT-0047,org_demo_alpha,WO-3009,FBA-CUBE-104,SKU-LEASH-6FT,B0DUMMY205,X00CUBE0047,1.10,True,True,False,liquid;this_way_up,yes,legible,flat,yes,not_required,uncertain,images/UNIT-0047_front.jpg;images/UNIT-0047_back.jpg;images/UNIT-0047_label.jpg,op_eli,2026-09-20T21:19:00Z,pet,ambiguous_handling,UNCERTAIN,Imagery does not reliably establish all required handling marks.,front,ambiguous,train
PRP-0048,UNIT-0048,org_demo_bravo,WO-3009,FBA-CUBE-104,SKU-CANDLE-3,B0DUMMY964,X00CUBE0048,0.55,False,False,False,,not_required,not_required,flat,yes,not_required,not_required,images/UNIT-0048_front.jpg;images/UNIT-0048_back.jpg;images/UNIT-0048_label.jpg,op_fatima,2026-09-20T21:36:00Z,home,correct_preparation,PASS,All applicable visual preparation checks are supported by the available evidence.,front,standard,train
PRP-0049,UNIT-0049,org_demo_alpha,WO-3009,FBA-CUBE-104,SKU-SERUM-30,B0DUMMY031,X00CUBE0049,0.90,True,True,True,liquid;this_way_up,yes,legible,missing,yes,legible,all_present,images/UNIT-0049_front.jpg;images/UNIT-0049_back.jpg;images/UNIT-0049_label.jpg,op_amira,2026-09-20T21:53:00Z,beauty,fnsku_missing,FAIL,Required FNSKU label is not visible.,front,standard,train
PRP-0050,UNIT-0050,org_demo_bravo,WO-3009,FBA-CUBE-104,SKU-PROT-1KG,B0DUMMY357,X00CUBE0050,0.40,False,False,True,this_way_up,not_required,not_required,on_edge,yes,legible,all_present,images/UNIT-0050_front.jpg;images/UNIT-0050_back.jpg;images/UNIT-0050_label.jpg,op_ben,2026-09-20T22:10:00Z,food,fnsku_on_edge,FAIL,FNSKU label is placed across/too close to a package edge.,front,standard,train
PRP-0051,UNIT-0051,org_demo_alpha,WO-3010,FBA-CUBE-105,SKU-CABLE-USBC,B0DUMMY261,X00CUBE0051,0.75,True,True,False,this_way_up,uncertain,legible,flat,yes,not_required,all_present,images/UNIT-0051_front.jpg;images/UNIT-0051_back.jpg;images/UNIT-0051_label.jpg,op_chen,2026-09-20T22:27:00Z,electronics,ambiguous_polybag,UNCERTAIN,Imagery does not reliably establish polybag presence or sealing.,front,ambiguous,train
PRP-0052,UNIT-0052,org_demo_bravo,WO-3010,FBA-CUBE-105,SKU-PUZZLE-500,B0DUMMY729,X00CUBE0052,1.10,True,True,False,fragile;this_way_up,yes,legible,flat,yes,not_required,all_present,images/UNIT-0052_front.jpg;images/UNIT-0052_back.jpg;images/UNIT-0052_label.jpg,op_dana,2026-09-20T22:44:00Z,toys,correct_preparation,PASS,All applicable visual preparation checks are supported by the available evidence.,front,standard,train
PRP-0053,UNIT-0053,org_demo_alpha,WO-3010,FBA-CUBE-105,SKU-MUG-11,B0DUMMY351,X00CUBE0053,0.55,False,False,False,liquid;this_way_up,not_required,not_required,flat,yes,not_required,all_present,images/UNIT-0053_front.jpg;images/UNIT-0053_back.jpg;images/UNIT-0053_label.jpg,op_eli,2026-09-20T23:01:00Z,kitchen,correct_preparation,PASS,All applicable visual preparation checks are supported by the available evidence.,front,standard,train
PRP-0054,UNIT-0054,org_demo_bravo,WO-3010,FBA-CUBE-105,SKU-BOTTLE-750,B0DUMMY622,X00CUBE0054,0.90,False,False,False,,not_required,not_required,flat,yes,illegible_after_wrap,not_required,images/UNIT-0054_front.jpg;images/UNIT-0054_back.jpg;images/UNIT-0054_label.jpg,op_fatima,2026-09-20T23:18:00Z,home,expiry_illegible,FAIL,Expiry information is not legible after wrapping.,front,standard,train
PRP-0055,UNIT-0055,org_demo_alpha,WO-3010,FBA-CUBE-105,SKU-LAMP-LED,B0DUMMY357,X00CUBE0055,0.40,False,False,False,fragile,not_required,not_required,on_edge,no,not_required,some_missing,images/UNIT-0055_front.jpg;images/UNIT-0055_back.jpg;images/UNIT-0055_label.jpg,op_amira,2026-09-20T23:35:00Z,electronics,multi_failure,FAIL,FNSKU label is placed across/too close to a package edge. Original manufacturer barcode remains visible. One or more required handling marks are missing.,front,standard,train
PRP-0056,UNIT-0056,org_demo_bravo,WO-3011,FBA-CUBE-105,SKU-TOWEL-BLU,B0DUMMY600,X00CUBE0056,0.75,False,False,False,liquid,not_required,obscured_by_fold,flat,yes,not_required,all_present,images/UNIT-0056_front.jpg;images/UNIT-0056_back.jpg;images/UNIT-0056_label.jpg,op_ben,2026-09-20T23:52:00Z,home,obscured_warning,FAIL,Suffocation warning is present but obscured by a fold.,front,standard,train
PRP-0057,UNIT-0057,org_demo_alpha,WO-3011,FBA-CUBE-105,SKU-LEASH-6FT,B0DUMMY205,X00CUBE0057,1.10,True,True,False,this_way_up,uncertain,legible,flat,yes,not_required,all_present,images/UNIT-0057_front.jpg;images/UNIT-0057_back.jpg;images/UNIT-0057_label.jpg,op_chen,2026-09-21T00:09:00Z,pet,ambiguous_polybag,UNCERTAIN,Imagery does not reliably establish polybag presence or sealing.,front,ambiguous,train
PRP-0058,UNIT-0058,org_demo_bravo,WO-3011,FBA-CUBE-105,SKU-CANDLE-3,B0DUMMY964,X00CUBE0058,0.55,True,True,False,fragile;this_way_up,not_sealed,legible,flat,yes,not_required,all_present,images/UNIT-0058_front.jpg;images/UNIT-0058_back.jpg;images/UNIT-0058_label.jpg,op_dana,2026-09-21T00:26:00Z,home,polybag_not_sealed,FAIL,Polybag is present but the closure/seal is not correctly closed.,front,standard,train
PRP-0059,UNIT-0059,org_demo_alpha,WO-3011,FBA-CUBE-105,SKU-SERUM-30,B0DUMMY031,X00CUBE0059,0.90,True,True,True,liquid;this_way_up,yes,legible,flat,yes,illegible_after_wrap,all_present,images/UNIT-0059_front.jpg;images/UNIT-0059_back.jpg;images/UNIT-0059_label.jpg,op_eli,2026-09-21T00:43:00Z,beauty,expiry_illegible,FAIL,Expiry information is not legible after wrapping.,front,standard,train
PRP-0060,UNIT-0060,org_demo_bravo,WO-3011,FBA-CUBE-105,SKU-PROT-1KG,B0DUMMY357,X00CUBE0060,0.40,False,False,True,this_way_up,not_required,not_required,flat,no,legible,all_present,images/UNIT-0060_front.jpg;images/UNIT-0060_back.jpg;images/UNIT-0060_label.jpg,op_fatima,2026-09-21T01:00:00Z,food,original_barcode_visible,FAIL,Original manufacturer barcode remains visible.,front,standard,train
PRP-0061,UNIT-0061,org_demo_alpha,WO-3012,FBA-CUBE-106,SKU-CABLE-USBC,B0DUMMY261,X00CUBE0061,0.75,False,False,False,fragile,not_required,not_required,on_edge,yes,not_required,all_present,images/UNIT-0061_front.jpg;images/UNIT-0061_back.jpg;images/UNIT-0061_label.jpg,op_amira,2026-09-21T01:17:00Z,electronics,fnsku_on_edge,FAIL,FNSKU label is placed across/too close to a package edge.,front,standard,train
PRP-0062,UNIT-0062,org_demo_bravo,WO-3012,FBA-CUBE-106,SKU-PUZZLE-500,B0DUMMY729,X00CUBE0062,1.10,True,True,False,liquid,yes,legible,on_seam,yes,not_required,all_present,images/UNIT-0062_front.jpg;images/UNIT-0062_back.jpg;images/UNIT-0062_label.jpg,op_ben,2026-09-21T01:34:00Z,toys,fnsku_on_seam,FAIL,FNSKU label overlaps a package seam.,front,standard,train
PRP-0063,UNIT-0063,org_demo_alpha,WO-3012,FBA-CUBE-106,SKU-MUG-11,B0DUMMY351,X00CUBE0063,0.55,False,False,False,this_way_up,not_required,not_required,flat,yes,not_required,some_missing,images/UNIT-0063_front.jpg;images/UNIT-0063_back.jpg;images/UNIT-0063_label.jpg,op_chen,2026-09-21T01:51:00Z,kitchen,handling_mark_missing,FAIL,One or more required handling marks are missing.,front,standard,train
PRP-0064,UNIT-0064,org_demo_bravo,WO-3012,FBA-CUBE-106,SKU-BOTTLE-750,B0DUMMY622,X00CUBE0064,0.90,False,False,False,fragile;this_way_up,not_required,not_required,on_curve,yes,not_required,all_present,images/UNIT-0064_front.jpg;images/UNIT-0064_back.jpg;images/UNIT-0064_label.jpg,op_dana,2026-09-21T02:08:00Z,home,fnsku_on_curve,FAIL,FNSKU label is placed on a curved surface.,front,standard,train
PRP-0065,UNIT-0065,org_demo_alpha,WO-3012,FBA-CUBE-106,SKU-LAMP-LED,B0DUMMY357,X00CUBE0065,0.40,False,False,False,liquid;this_way_up,not_required,not_required,on_edge,no,not_required,some_missing,images/UNIT-0065_front.jpg;images/UNIT-0065_back.jpg;images/UNIT-0065_label.jpg,op_eli,2026-09-21T02:25:00Z,electronics,multi_failure,FAIL,FNSKU label is placed across/too close to a package edge. Original manufacturer barcode remains visible. One or more required handling marks are missing.,front,standard,train
PRP-0066,UNIT-0066,org_demo_bravo,WO-3013,FBA-CUBE-106,SKU-TOWEL-BLU,B0DUMMY600,X00CUBE0066,0.75,False,False,False,,not_required,uncertain,flat,yes,not_required,not_required,images/UNIT-0066_front.jpg;images/UNIT-0066_back.jpg;images/UNIT-0066_label.jpg,op_fatima,2026-09-21T02:42:00Z,home,ambiguous_warning,UNCERTAIN,Imagery does not reliably establish warning visibility or legibility.,front,ambiguous,train
PRP-0067,UNIT-0067,org_demo_alpha,WO-3013,FBA-CUBE-106,SKU-LEASH-6FT,B0DUMMY205,X00CUBE0067,1.10,True,True,False,fragile,yes,legible,missing,yes,not_required,all_present,images/UNIT-0067_front.jpg;images/UNIT-0067_back.jpg;images/UNIT-0067_label.jpg,op_amira,2026-09-21T02:59:00Z,pet,fnsku_missing,FAIL,Required FNSKU label is not visible.,front,standard,train
PRP-0068,UNIT-0068,org_demo_bravo,WO-3013,FBA-CUBE-106,SKU-CANDLE-3,B0DUMMY964,X00CUBE0068,0.55,False,False,False,liquid,not_required,not_required,flat,no,not_required,all_present,images/UNIT-0068_front.jpg;images/UNIT-0068_back.jpg;images/UNIT-0068_label.jpg,op_ben,2026-09-21T03:16:00Z,home,original_barcode_visible,FAIL,Original manufacturer barcode remains visible.,front,standard,train
PRP-0069,UNIT-0069,org_demo_alpha,WO-3013,FBA-CUBE-106,SKU-SERUM-30,B0DUMMY031,X00CUBE0069,0.90,True,True,True,liquid;this_way_up,yes,missing,flat,yes,legible,all_present,images/UNIT-0069_front.jpg;images/UNIT-0069_back.jpg;images/UNIT-0069_label.jpg,op_chen,2026-09-21T03:33:00Z,beauty,missing_warning,FAIL,Required suffocation warning is not visible.,front,standard,train
PRP-0070,UNIT-0070,org_demo_bravo,WO-3013,FBA-CUBE-106,SKU-PROT-1KG,B0DUMMY357,X00CUBE0070,0.40,False,False,True,this_way_up,not_required,missing,flat,yes,legible,all_present,images/UNIT-0070_front.jpg;images/UNIT-0070_back.jpg;images/UNIT-0070_label.jpg,op_dana,2026-09-21T03:50:00Z,food,missing_warning,FAIL,Required suffocation warning is not visible.,front,standard,train
PRP-0071,UNIT-0071,org_demo_alpha,WO-3014,FBA-CUBE-107,SKU-CABLE-USBC,B0DUMMY261,X00CUBE0071,0.75,True,True,False,liquid;this_way_up,not_sealed,legible,flat,yes,not_required,all_present,images/UNIT-0071_front.jpg;images/UNIT-0071_back.jpg;images/UNIT-0071_label.jpg,op_eli,2026-09-21T04:07:00Z,electronics,polybag_not_sealed,FAIL,Polybag is present but the closure/seal is not correctly closed.,front,standard,validation
PRP-0072,UNIT-0072,org_demo_bravo,WO-3014,FBA-CUBE-107,SKU-PUZZLE-500,B0DUMMY729,X00CUBE0072,1.10,True,True,False,,yes,legible,flat,yes,not_required,not_required,images/UNIT-0072_front.jpg;images/UNIT-0072_back.jpg;images/UNIT-0072_label.jpg,op_fatima,2026-09-21T04:24:00Z,toys,correct_preparation,PASS,All applicable visual preparation checks are supported by the available evidence.,front,standard,validation
PRP-0073,UNIT-0073,org_demo_alpha,WO-3014,FBA-CUBE-107,SKU-MUG-11,B0DUMMY351,X00CUBE0073,0.55,False,False,False,fragile,not_required,not_required,on_seam,yes,not_required,all_present,images/UNIT-0073_front.jpg;images/UNIT-0073_back.jpg;images/UNIT-0073_label.jpg,op_amira,2026-09-21T04:41:00Z,kitchen,fnsku_on_seam,FAIL,FNSKU label overlaps a package seam.,front,standard,validation
PRP-0074,UNIT-0074,org_demo_bravo,WO-3014,FBA-CUBE-107,SKU-BOTTLE-750,B0DUMMY622,X00CUBE0074,0.90,True,True,False,liquid,not_sealed,legible,flat,yes,not_required,all_present,images/UNIT-0074_front.jpg;images/UNIT-0074_back.jpg;images/UNIT-0074_label.jpg,op_ben,2026-09-21T04:58:00Z,home,polybag_not_sealed,FAIL,Polybag is present but the closure/seal is not correctly closed.,front,standard,validation
PRP-0075,UNIT-0075,org_demo_alpha,WO-3014,FBA-CUBE-107,SKU-LAMP-LED,B0DUMMY357,X00CUBE0075,0.40,False,False,False,this_way_up,not_required,not_required,flat,yes,not_required,uncertain,images/UNIT-0075_front.jpg;images/UNIT-0075_back.jpg;images/UNIT-0075_label.jpg,op_chen,2026-09-21T05:15:00Z,electronics,ambiguous_handling,UNCERTAIN,Imagery does not reliably establish all required handling marks.,front,ambiguous,validation
PRP-0076,UNIT-0076,org_demo_bravo,WO-3015,FBA-CUBE-107,SKU-TOWEL-BLU,B0DUMMY600,X00CUBE0076,0.75,False,False,False,fragile;this_way_up,not_required,missing,flat,yes,not_required,all_present,images/UNIT-0076_front.jpg;images/UNIT-0076_back.jpg;images/UNIT-0076_label.jpg,op_dana,2026-09-21T05:32:00Z,home,missing_warning,FAIL,Required suffocation warning is not visible.,front,standard,validation
PRP-0077,UNIT-0077,org_demo_alpha,WO-3015,FBA-CUBE-107,SKU-LEASH-6FT,B0DUMMY205,X00CUBE0077,1.10,True,True,False,liquid;this_way_up,yes,missing,flat,yes,not_required,all_present,images/UNIT-0077_front.jpg;images/UNIT-0077_back.jpg;images/UNIT-0077_label.jpg,op_eli,2026-09-21T05:49:00Z,pet,missing_warning,FAIL,Required suffocation warning is not visible.,front,standard,validation
PRP-0078,UNIT-0078,org_demo_bravo,WO-3015,FBA-CUBE-107,SKU-CANDLE-3,B0DUMMY964,X00CUBE0078,0.55,False,False,False,,not_required,not_required,flat,yes,not_required,some_missing,images/UNIT-0078_front.jpg;images/UNIT-0078_back.jpg;images/UNIT-0078_label.jpg,op_fatima,2026-09-21T06:06:00Z,home,handling_mark_missing,FAIL,One or more required handling marks are missing.,front,standard,validation
PRP-0079,UNIT-0079,org_demo_alpha,WO-3015,FBA-CUBE-107,SKU-SERUM-30,B0DUMMY031,X00CUBE0079,0.90,True,True,True,liquid;this_way_up,yes,legible,flat,uncertain,legible,all_present,images/UNIT-0079_front.jpg;images/UNIT-0079_back.jpg;images/UNIT-0079_label.jpg,op_amira,2026-09-21T06:23:00Z,beauty,ambiguous_barcode,UNCERTAIN,Imagery does not reliably establish whether the original barcode is covered.,front,ambiguous,validation
PRP-0080,UNIT-0080,org_demo_bravo,WO-3015,FBA-CUBE-107,SKU-PROT-1KG,B0DUMMY357,X00CUBE0080,0.40,False,False,True,this_way_up,not_required,not_required,on_seam,yes,legible,all_present,images/UNIT-0080_front.jpg;images/UNIT-0080_back.jpg;images/UNIT-0080_label.jpg,op_ben,2026-09-21T06:40:00Z,food,fnsku_on_seam,FAIL,FNSKU label overlaps a package seam.,front,standard,validation
PRP-0081,UNIT-0081,org_demo_alpha,WO-3016,FBA-CUBE-108,SKU-CABLE-USBC,B0DUMMY261,X00CUBE0081,0.75,True,True,False,this_way_up,not_sealed,legible,flat,yes,not_required,all_present,images/UNIT-0081_front.jpg;images/UNIT-0081_back.jpg;images/UNIT-0081_label.jpg,op_chen,2026-09-21T06:57:00Z,electronics,polybag_not_sealed,FAIL,Polybag is present but the closure/seal is not correctly closed.,front,standard,validation
PRP-0082,UNIT-0082,org_demo_bravo,WO-3016,FBA-CUBE-108,SKU-PUZZLE-500,B0DUMMY729,X00CUBE0082,1.10,True,True,False,fragile;this_way_up,yes,legible,on_curve,yes,not_required,all_present,images/UNIT-0082_front.jpg;images/UNIT-0082_back.jpg;images/UNIT-0082_label.jpg,op_dana,2026-09-21T07:14:00Z,toys,fnsku_on_curve,FAIL,FNSKU label is placed on a curved surface.,front,standard,validation
PRP-0083,UNIT-0083,org_demo_alpha,WO-3016,FBA-CUBE-108,SKU-MUG-11,B0DUMMY351,X00CUBE0083,0.55,False,False,False,liquid;this_way_up,not_required,not_required,missing,yes,not_required,all_present,images/UNIT-0083_front.jpg;images/UNIT-0083_back.jpg;images/UNIT-0083_label.jpg,op_eli,2026-09-21T07:31:00Z,kitchen,fnsku_missing,FAIL,Required FNSKU label is not visible.,front,standard,validation
PRP-0084,UNIT-0084,org_demo_bravo,WO-3016,FBA-CUBE-108,SKU-BOTTLE-750,B0DUMMY622,X00CUBE0084,0.90,True,True,False,,missing,legible,flat,yes,not_required,not_required,images/UNIT-0084_front.jpg;images/UNIT-0084_back.jpg;images/UNIT-0084_label.jpg,op_fatima,2026-09-21T07:48:00Z,home,missing_polybag,FAIL,Polybag is required but no polybag is visible.,front,standard,validation
PRP-0085,UNIT-0085,org_demo_alpha,WO-3016,FBA-CUBE-108,SKU-LAMP-LED,B0DUMMY357,X00CUBE0085,0.40,False,False,False,fragile,not_required,not_required,flat,yes,not_required,all_present,images/UNIT-0085_front.jpg;images/UNIT-0085_back.jpg;images/UNIT-0085_label.jpg,op_amira,2026-09-21T08:05:00Z,electronics,correct_preparation,PASS,All applicable visual preparation checks are supported by the available evidence.,front,standard,validation
PRP-0086,UNIT-0086,org_demo_bravo,WO-3017,FBA-CUBE-108,SKU-TOWEL-BLU,B0DUMMY600,X00CUBE0086,0.75,False,False,False,liquid,not_required,not_required,flat,yes,not_required,all_present,images/UNIT-0086_front.jpg;images/UNIT-0086_back.jpg;images/UNIT-0086_label.jpg,op_ben,2026-09-21T08:22:00Z,home,correct_preparation,PASS,All applicable visual preparation checks are supported by the available evidence.,front,standard,heldout
PRP-0087,UNIT-0087,org_demo_alpha,WO-3017,FBA-CUBE-108,SKU-LEASH-6FT,B0DUMMY205,X00CUBE0087,1.10,True,True,False,this_way_up,yes,legible,uncertain,yes,not_required,all_present,images/UNIT-0087_front.jpg;images/UNIT-0087_back.jpg;images/UNIT-0087_label.jpg,op_chen,2026-09-21T08:39:00Z,pet,ambiguous_fnsku,UNCERTAIN,Imagery does not reliably establish FNSKU placement.,front,ambiguous,heldout
PRP-0088,UNIT-0088,org_demo_bravo,WO-3017,FBA-CUBE-108,SKU-CANDLE-3,B0DUMMY964,X00CUBE0088,0.55,False,False,False,fragile;this_way_up,not_required,not_required,flat,yes,not_required,all_present,images/UNIT-0088_front.jpg;images/UNIT-0088_back.jpg;images/UNIT-0088_label.jpg,op_dana,2026-09-21T08:56:00Z,home,correct_preparation,PASS,All applicable visual preparation checks are supported by the available evidence.,front,standard,heldout
PRP-0089,UNIT-0089,org_demo_alpha,WO-3017,FBA-CUBE-108,SKU-SERUM-30,B0DUMMY031,X00CUBE0089,0.90,True,True,True,liquid;this_way_up,missing,legible,flat,yes,legible,all_present,images/UNIT-0089_front.jpg;images/UNIT-0089_back.jpg;images/UNIT-0089_label.jpg,op_eli,2026-09-21T09:13:00Z,beauty,missing_polybag,FAIL,Polybag is required but no polybag is visible.,front,standard,heldout
PRP-0090,UNIT-0090,org_demo_bravo,WO-3017,FBA-CUBE-108,SKU-PROT-1KG,B0DUMMY357,X00CUBE0090,0.40,False,False,True,this_way_up,not_required,not_required,flat,yes,legible,all_present,images/UNIT-0090_front.jpg;images/UNIT-0090_back.jpg;images/UNIT-0090_label.jpg,op_fatima,2026-09-21T09:30:00Z,food,correct_preparation,PASS,All applicable visual preparation checks are supported by the available evidence.,front,standard,heldout
PRP-0091,UNIT-0091,org_demo_alpha,WO-3018,FBA-CUBE-109,SKU-CABLE-USBC,B0DUMMY261,X00CUBE0091,0.75,False,False,False,fragile,not_required,not_required,flat,yes,not_required,some_missing,images/UNIT-0091_front.jpg;images/UNIT-0091_back.jpg;images/UNIT-0091_label.jpg,op_amira,2026-09-21T09:47:00Z,electronics,handling_mark_missing,FAIL,One or more required handling marks are missing.,front,standard,heldout
PRP-0092,UNIT-0092,org_demo_bravo,WO-3018,FBA-CUBE-109,SKU-PUZZLE-500,B0DUMMY729,X00CUBE0092,1.10,True,True,False,liquid,yes,legible,flat,yes,not_required,all_present,images/UNIT-0092_front.jpg;images/UNIT-0092_back.jpg;images/UNIT-0092_label.jpg,op_ben,2026-09-21T10:04:00Z,toys,correct_preparation,PASS,All applicable visual preparation checks are supported by the available evidence.,front,standard,heldout
PRP-0093,UNIT-0093,org_demo_alpha,WO-3018,FBA-CUBE-109,SKU-MUG-11,B0DUMMY351,X00CUBE0093,0.55,False,False,False,this_way_up,not_required,not_required,on_curve,yes,not_required,all_present,images/UNIT-0093_front.jpg;images/UNIT-0093_back.jpg;images/UNIT-0093_label.jpg,op_chen,2026-09-21T10:21:00Z,kitchen,fnsku_on_curve,FAIL,FNSKU label is placed on a curved surface.,front,standard,heldout
PRP-0094,UNIT-0094,org_demo_bravo,WO-3018,FBA-CUBE-109,SKU-BOTTLE-750,B0DUMMY622,X00CUBE0094,0.90,True,True,False,fragile;this_way_up,uncertain,legible,flat,yes,not_required,all_present,images/UNIT-0094_front.jpg;images/UNIT-0094_back.jpg;images/UNIT-0094_label.jpg,op_dana,2026-09-21T10:38:00Z,home,ambiguous_polybag,UNCERTAIN,Imagery does not reliably establish polybag presence or sealing.,front,ambiguous,heldout
PRP-0095,UNIT-0095,org_demo_alpha,WO-3018,FBA-CUBE-109,SKU-LAMP-LED,B0DUMMY357,X00CUBE0095,0.40,False,False,False,liquid;this_way_up,not_required,not_required,flat,yes,uncertain,all_present,images/UNIT-0095_front.jpg;images/UNIT-0095_back.jpg;images/UNIT-0095_label.jpg,op_eli,2026-09-21T10:55:00Z,electronics,ambiguous_expiry,UNCERTAIN,Imagery does not reliably establish expiry-date legibility.,front,ambiguous,heldout
PRP-0096,UNIT-0096,org_demo_bravo,WO-3019,FBA-CUBE-109,SKU-TOWEL-BLU,B0DUMMY600,X00CUBE0096,0.75,False,False,False,,not_required,not_required,flat,yes,not_required,some_missing,images/UNIT-0096_front.jpg;images/UNIT-0096_back.jpg;images/UNIT-0096_label.jpg,op_fatima,2026-09-21T11:12:00Z,home,handling_mark_missing,FAIL,One or more required handling marks are missing.,front,standard,heldout
PRP-0097,UNIT-0097,org_demo_alpha,WO-3019,FBA-CUBE-109,SKU-LEASH-6FT,B0DUMMY205,X00CUBE0097,1.10,True,True,False,fragile,yes,legible,flat,yes,illegible_after_wrap,all_present,images/UNIT-0097_front.jpg;images/UNIT-0097_back.jpg;images/UNIT-0097_label.jpg,op_amira,2026-09-21T11:29:00Z,pet,expiry_obscured,FAIL,Expiry information is not legible after wrapping.,front,standard,heldout
PRP-0098,UNIT-0098,org_demo_bravo,WO-3019,FBA-CUBE-109,SKU-CANDLE-3,B0DUMMY964,X00CUBE0098,0.55,False,False,False,liquid,not_required,not_required,on_curve,yes,not_required,all_present,images/UNIT-0098_front.jpg;images/UNIT-0098_back.jpg;images/UNIT-0098_label.jpg,op_ben,2026-09-21T11:46:00Z,home,fnsku_on_curve,FAIL,FNSKU label is placed on a curved surface.,front,standard,heldout
PRP-0099,UNIT-0099,org_demo_alpha,WO-3019,FBA-CUBE-109,SKU-SERUM-30,B0DUMMY031,X00CUBE0099,0.90,True,True,True,liquid;this_way_up,yes,legible,on_seam,yes,legible,all_present,images/UNIT-0099_front.jpg;images/UNIT-0099_back.jpg;images/UNIT-0099_label.jpg,op_chen,2026-09-21T12:03:00Z,beauty,fnsku_on_seam,FAIL,FNSKU label overlaps a package seam.,front,standard,heldout
PRP-0100,UNIT-0100,org_demo_bravo,WO-3019,FBA-CUBE-109,SKU-PROT-1KG,B0DUMMY357,X00CUBE0100,0.40,False,False,True,this_way_up,not_required,missing,flat,yes,legible,all_present,images/UNIT-0100_front.jpg;images/UNIT-0100_back.jpg;images/UNIT-0100_label.jpg,op_dana,2026-09-21T12:20:00Z,food,missing_warning,FAIL,Required suffocation warning is not visible.,front,standard,heldout
